1;1943-1946;Областной земельный отдел
;1947-1953;Областное управление сельского хозяйства
;1953;Областное управление сельского хозяйства и заготовок
;1954-1961;Областное управление сельского хозяйства
;1962-1964;Ростовское областное управление производства и  заготовок продуктов
;1965-1974;Ростовское областное управление сельского хозяйства
;1975-март 1986;Производственное управление сельского хозяйства Ростоблисполкома
;апр1986-1989;Агропромышленный комитет Ростовской области
;1990-март 1992;Союз агропромышленных формирований Ростовской области
;март1992-нояб1996;Департамент сельского хозяйства и продовольствия Администрации Ростовской области
;нояб1996-октяб1998;Министерство сельского хозяйства, продовольствия и торговли Ростовской области
;окт.98;Министерство сельского хозяйства и продовольствия Ростовской области
2;1954-1957;Каменское областное управление сельского хозяйства
3;1928-1944;Управление военно-конными заводами Красной Армии
;1944-1948;Центральное управление военно-конными заводами НКО СССР
;1948-1952;Северо-Кавказский трест конных заводов МСХ
;1952-1953;Центральное управление военно-конными заводами
;1953-1962;Северо-Кавказский трест конных заводов
4;1941-1946;Управление землеустройства Областного земельного отдела
;1947-1955;Управление землеустройства и севооборотов Ростовского областного управления сельского хозяйства
;1956-1957;Отдел землеустройства областного управления сельского хозяйства
;1957-1959;Управление землеустройства областного управления сельского хозяйства
;1960-1961;Отдел землеустройства областного управления сельского хозяйства
5;1950-1953;Областное управление хлопководства
6;1946;Стройплощадка треста Севкавзаготстрой
;1946;Стройдвор треста Севкавзаготстрой
;1947-1951;Ростовский строительный комбинат треста Севкавзаготстрой
;1952-1956;Ростовский строительный комбинат треста Заготстройдеталь
;янв-июль 1957;Ростовский строительный комбинат треста Элеватормельстройдеталь
;авг1957-1961;Ростовский строительный комбинат треста Севкавхлебстрой
;янв-ноябрь 1962;Ростовский стройкомбинат треста Севкавэлеватормельстрой
;дек 1962-1970;Ростовский стройкомбинат треста Спецэлеватормельмаш
7;1943-1946;Областной трест машино-тракторных мастерских и ремонтных заводов Областного земельного отдела
;1947-1951;Областной трест машино-тракторных мастерских и ремон-тных заводов Областного управления сельского хозяйства
;1952-июнь1953;Ростовский областной трест  ремонтных заводов и межрайонных мастерских капитального ремонта Ремтрест Областного управления сельского хозяйства
;июнь 1953-1959;Управление ремонтными предприятиями Областного управления сельского хозяйства
8;1956-1957;Каменское областное управление ремонтными предприятиями
9;март1943-июнь1946;Ростовский трест зерновых и животноводческих совхозов НК СХ СССР
;июнь1946-май1953;Ростовский зернотрест Министерства земледелия СССР, Министерства совхозов СССР 
;май1953-окт1953;Управление совхозов Юга
;окт1953-апр1954;Ростовский трест Южных совхозов Министерства совхозов СССР
10;ноя.53;Северное управление совхозов Ростовской области
;нояб1953-март1954;Ростовский Северный трест совхозов
;апр1954-май1955;Каменский трест совхозов
;июнь1955июль1957;Каменское областное управление совхозов Министерства совхозов РСФСР
11;1972-1975;Ростовский областной сельскохозяйственный информационно- вычислительный центр АСУ-сельхоз Министерства сельского хозяйства РСФСР
;1986-1991;Информационно-вычислительный центр Агропрома Ростовской области
12;1945-1953;Ростовский трест животноводческих совхозов
13;1947-1953;Ростовский овцетрест
;1967-1975;Ростовский трест овцеводческих совхозов
;1975-1983;Ростовский трест Овцепром
14;1959-1962;Ростовский трест овощеводческих совхозов
;1967-1972;Ростовский трест овощеводческих совхозов Ростовского областного производственного объединения совхозов Министерства совхозов РСФСР
;1973-1980;Ростовский трест овощеводческих совхозов Министерства сельского хозяйства РСФСР
;1981-1983;Трест Овощепром Республиканского производственного объединения по производству и сбыту овощей Овощепрома РСФСР Министерства плодоовощного хозяйства РСФСР-документы хранятся  на Советской 55/2
15;сент1961-дек1969;Ростовская землеустроительная экспедиция Республиканского института Росгипрозем
;дек1969-1971;Ростовское отделение Республиканского института Росгипрозем
16;1941-окт1946;Ростовское отделение Всесоюзной конторы Союзмелиострой НКСХ СССР
;окт1946-1948;Ростовская межобластная контора Союзмелиострой Министерства животноводства СССР
;1948-1954;Ростовская межобластная контора по землеустройству Министерства совхозов СССР(землеустроительная контора)
;1955-1961;Ростовская межобластная контора по землеустройству Министерства совхозов РСФСР
;1962-1973;Южный филиал Республиканского проектного института по землеустройству Росгипрозем Министерства производства и заготовок сельхозпродуктов РСФСР
;1974-1981;Южный филиал Республиканского проектного института по землеустройству Росгипрозем Министерства сельского хозяйства РСФСР
;1981-1986;Южный государственный проектный институт по землеустройству Южгипрозем объединения Росземпроект Министерства сельского хозяйства РСФСР
;1986-1992;Южный государственный проектный институт по землеустройству Южгипрозем объединения Росземпроект Госагропрома РСФСР
;1992-2002;Южный государственный научно-исследовательский и проектно-изыскательский институт по землеустройствуЮжНИИгипрозем объединения  РосНИИземпроект Госкомзема РСФСР
;2002-2003;Южный государственный научно-исследовательский и проектно-изыскательский институт по землеустройствуЮжНИИгипрозем объединения РосНИИземпроект Росземкадастра
17;1947-1956;Ростовская сельскохозяйственная школа по подготовке руководящих кадров колхозов
18;1963-1966;Ростовская головная госплемстанция
;1967-1968;Ростовская областная станция по племенной работе и искусственному осеменению сельскохозяйственных животных
;1969-1972;Ростовская областная госплемстанция
19;1954-1973;Ростовская областная сельскохозяйственная выставка
20;1946-1992;Эпизоотический отряд ветеринарного отдела облсельхозуправления см.внимательно опись
21;1943-1986;Ростовская областная ветеринарная лаборатория Ростовского областного управления сельского хозяйства
;1986-1990;Ростовская областная ветеринарная лаборатория Агропромышленного комитета Ростовской области
;1990-1991;Ростовская областная ветеринарная лабораторияРостовоблагропромсоюза
22;1943-1963;Управление водного хозяйства Облисполкома Облводхоз
;1964-1977;Ростовское областное управление мелиорации и водного хозяйства Ростоблисполкома РСФСР Министерства мелиорации и водного хозяйства 
;1978-1988;   Минводхоза РСФСР
23;1943-1978;Ростовская областная контора пчеловодства Ростовского областного управления сельского хозяйства
24;1972-1975;Ростовское областное производственное объединение совхозов Министерства совхозов РСФСР
25;1943-1978;Ростовская областная контора шелководства Российской республиканской конторы по шелководству Росшелк Министерства сельского хозяйства РСФСР
;1979-1996;Ростовское областное управление шелководства
26;февраль-авг 1943;Городской земельный отдел Горисполкома
;авг 1943-1962;Сельхозотдел Горисполкома
;1963-1973;Городская санитарно-ветеринарная станция
;1974-июнь1986;Ростовская-на-Дону Городская санитарно-ветеринарная станция
;июнь1986июнь1999;Городская станция по борьбе с болезнями животных Ростовская
;июнь1999-2004;Государственное учреждение Ростовская городская станция по борьбе с болезнями животных 
27;1950-1966;Ростовская областная контора Зооветснаб
;1966-1980;Ростовское областное объединение ЗооветснабОбластного управления сельского хозяйства
28;1943-1963;Отряд по борьбе с болезнями растений и животных Главного управления защиты растений РСФСР
;1963-2002;Ростовская областная станция защиты растений Ростовского областного управления производства и заготовок сельхозпродуктов см дело фонда
29;1946-1947;Ростовский областной отдел животноводства
30;1947-1966;Ростовский семенозаготовительный участок
;1966-1972;Ростовская  областная контора семеноводства плодовых культур 
;1973-1985;Ростовский плодосеменоводческий госпромхоз
;март1986-нояб1987;Плодосеменоводческий совхоз Ростовский ПО Ростовплодосемпром
;нояб1987-сент1992;Совхоз Ростовский ПО Донсадпитомник 
;сент1992-апр 1998;АОЗТ Росток
;апр1998-2002;ЗАО Росток
31;1946-1947;Ростовский государственный ипподром Центрального управления военных конных заводов
;1948-1958;Ростовский государственный ипподром Северо-Кавказского треста конных заводов
;1959-1966;Ростовский государственный ипподром Ростовского областного управления сельского хозяйства
;1967-1972;Республиканский Ростовский ипподром Главного управления коневодства и коннозаводства МСХ РСФСР 
;1973-2001;Государственное предприятие Ростовский республиканский ипподром Министерства сельского хозяйства и продовольствия Российской федерации 
32;1943-1976;Ростовская государственная инкубаторно-птицеводческая станция
;1986-1991;Цех инкубации Производственного бройлерного объединения Ростовское птицефабрики Дон
;1991;Ростовская инкубаторно-птицеводческая станция
;1992-1993;ООО Ростовский инкубатор
;1994-2003;ТОО Ростовский инкубатор
33;1943-1972;Инспектура госкомиссии по сортоиспытанию сельскохозяйственных культур по Ростовской области
34;1944-1964;Межсовхозная ветбаклаборатория (1943-1952 Министерства совхозов СССР,1953-1954 Министерства совхозов РСФСР),1955-1956 Ростовского областного управления совхозов,1957-1961 Ростовского областного управления сельского хозяйства,1962-1964 Ростовского областного управления производства и заготовок сельскохозяйственных продуктов)
;1964-1967;Ростовская областная производственная лаборатория по изготовлению   препаратов для животноводства (1964-1965Ростовского областного управления производства и заготовок сельскохозяйственных продуктов), 1966-1967 Ростовского областного управления сельского хозяйства 
;1967-1972;Отдел по производству препаратов для животноводства Областного управления сельского хозяйства
;1972-1982;Ростовская областная производственная ветлабораторияРостовского областного управления сельского хозяйства
35;1943-1957;Сальское межрайонное отделение пчеловодства Ростовской областной конторы пчеловодства
;1957-1973;Ростовское межрайонное отделение пчеловодства Ростовской областной конторы пчеловодства
36;1942-1982;Домоуправление Областного управления сельского хозяйства 
37;1943-1947;Ростовская областная контора инкубаторно-птицеводческих станций ОблЗО
;1947-1953;Ростовский областной трест инкубаторно-птицеводческих станций Главного управления ИПС МСХ РСФСР
;1953-1961;Ростовское областное управление птицеводства и инкубатор-но-птицеводческих станций Областного управления сельского хозяйства и заготовок
;1961-1960;Ростовский трест птицеводческих совхозов ИПС Ростовского областного управления совхозов
;1965-1985;Ростовский трест Птицепром Всероссийского производственно-научного объединения птицеводческой промышленности
;1986-1993;Производственное объединение Ростовптицепром по птицеводству
;1994-1996;АО Донптицепром
38;1954-1957;Каменское областное управление птицеводства и инкубаторно- птицеводческих станций
39;1943-1948;Ростовская областная контрольно-семенная лаборатория
;1948-1953;Ростовская областная госинспекция по качеству семян
;1953-1969;Ростовская областная контрольно-семенная лаборатория  
;1969-1991;Ростовская  областная семенная государственная инспекция
40;1946-1953;Батайская госинспекция по семенному контролю
;1961-1969;Батайская контрольно-семенная лаборатория  
;1969-1970;Батайская контрольно семенная  инспекция
41;1943-1947;Ростовская межобластная контора Агролессемпитомник
;1948-1953;Ростовское областное отделение Всесоюзного треста Гослесопитомник
;1954-1956;Ростовский областной трест Гослессемпитомник
;1957-1960;Управление садоводства, плодопитомнических совхозов, пчеловодства и шелководства
;1961-1976;Трест садоводства и плодопитомнических совхозов 
;1977-1986;Объединение Донплодопром
42;1943-1964;Ростовская областная заготовительно-племенная животноводческая контора
;1965-1971;Ростовское областное объединение по заготовкам племенных животных Племживобъединение
;1972;Ростовское областное Госплемобъединение 1971-1972-документов нет
43;1949-1951;Всесоюзный государственный трест по изысканиям и проектированию оросительных систем и гидротехнических сооружений РостовдонводпроектМинистерства сельского хозяйства СССР
;1951-1968;Южный государственный институт  по проектированию водохозяйственного и мелиоративного строительства Южгипроводхоз Министерства сельского хозяйства СССР Министерства сельского хозяйства РСФСР Государственного комитета Совета Министров РСФСР по водному хозяйству Министерства мелиорации и водного хозяйства РСФСР  
;1969-1991;Южный государственный институт  по проектированию водохозяйственного и мелиоративного строительства Министерства мелиорации и водного хозяйства РСФСР  
44;1943-1955;Ростовская межрайонная живконтора
45;1958-1972;Ростовская госстанция искусственного осеменения пос Аглос
46;1949-1951;Промкомбинат Ростовского отделения Союзсовхозснаб
47;1933-1957;Ростовское отделение Союзсовхозсмнаб
48;1944-1947;Ростовская областная контора Сельобозпромснаб
49;1943-1953;Ростовская областная контора Сельхозснаб
50;1944-1949;Молотовская лесозаготовительная контора Сельхозснаб
51;1948-1949;Сталинградская лесоперевалочная база Сельхозснаб
;1951-1956;Сталинградская хозрасчетная лесоперевалочная база Ростовской лесозаготовительной конторы
52;1946-1955;Ростовское отделение Сельхозснаб
53;1956-1958;Ростовское межрайонное отделениеуправления МТС Сельхозснаб
54;1954-1957;Каменская областная контора  МТС Сельхозснаб
55;1952-1958;Константиновская межрайонное отделение  МТС Сельхозснаб
56;1953-1960;Управление материально-технического снабжения Сельхозснаб
57;1943-1947;Ростовская областная контора Глававтотракторосбыт
;1948-1949;Ростовская областная контора Глававтосельмашснаб
;1949-1952;Ростовская областная контора Глававтотракторсбыт
;1953-1954;Ростовская областная контора Главмашсбыт
;1954-1959;Ростовская областная контора Глававтотрактороснабсбыт
;1959-1960;Ростовская областная контора-база Росглававтотрактороснабсбыт
;1960-1961;Ростовская областная специализированная база Главторгмаш
;1961-1977;Ростовская специализированная завозная база Сельхозтехника
58;1960-1961;Ростовское областное управление Главторгмаш
59;1961-1985;Ростовское областное объединение Сельхозтехника
;1986;Ростовское областное производственное объединение по производственно-техническому обеспечению сельского хозяйства Ростоблсельхозтехника
60;1945-1960;Ростовское межрайонное отделение Глававтотракторсбыт
;1960-1961;Специализированные магазины № 1 и № 2 Главторгмаша
;1961-1979;Ростовский городской специализированный магазин № 2 Сельхозтехника
61;1968-1973;Специализированное управление 2 Управления Ростсельстрой
;1973-1988;Специализированная передвижная механизированная  колонна 1045 Ростсельстроя 
62;1968-1970;Ростовское ремонтно-строительное и монтажное управление Ростовремстроймонтаж
63;1968-1988;ПМК 735 Ростсельстроя 
64;1975-1981;Магазин 64 Ростовского Горпромторга
;1982-1990;Магазин 15 Ростовского Объединения комиссионных магазинов 
;янв1991-февр1992;Арендное предприятие Комиссионный магазин Авто-Ретро
;1992-1997;ТОО Авто Ретро
65;1945-1955;Ростовская городская инспекция  по семенному контролю и карантину сельскохозяйственных растений
;1956-1969;Городская контрольно-семенная лаборатория
;1969-1981;Городская государственная семенная инспекция
66;1942-1947;Ростовское областное отделение Сортсемовощ
;1947-1964;Ростовская областная контора Сортсемовощ
;1964-1986;Ростовское областное объединение Сортсемовощ
67;1943-1959;Каменская контора Сортсемовощ
68;1971-1986;Институт РоспроектсельстройиндустрияМинистерства сельского строительства РСФСР
;1986-1993;Институт Роспроектагропромстройиндустрия Государственного агропромышленного комитета РСФСР
;1993-1995;Акционерное общество открытого типа Российский проектный институт Стройиндустрия 
;1995-май 2002;Открытое Акционерное общество Российский проектный институт Стройиндустрия 
;Май 2002-2012;Закрытое акционерное общество Ростовский проектный институт Стройиндустрия
69;1963-1971;Машинно-счетная станция Областного объединения Сельхозтехника
;1972-1985;Информационно-вычислительный центрОбластного объединения Сельхозтехника
;1986;Информационно-вычислительный центр Ростовагропромснаб
70;1968-1973;Дирекция строящихся птицефабрик Ростовской области Ростовского треста Птицепром
71;1943-1958;Ростовская межрайонная контора Заготскот Главзаготскот Юга 
;;Министерства мясной и молочной промышленности РСФСР 
;1958-1962;Ростовская межрайонная контора ЗаготскотокормУправления  мясной и птицеперерабатывающей промышленности Ростовского совнархоза
;1963-1965;2-ое отделение Батайского откормомочного совхоза Ростовского треста треста Скотооткорм
;1965-1980;Откормочный совхоз Аксайский Ростовского треста Скотооткорм с 1970г-Скотопром с 1980г- Ростовского областного производственного объединения Ростовскотопром
;1981-1991;Откормочный совхоз Темерницкий Ростовского областного производственного управления сельского хозяйства с 1984г Управления сельского хозяйства Аксайского райисполкома -
;1992-2000;Коллективное сельскохозяйственное предприятие АОЗТ Темерницкое
;2001-2002;ООО Темерницкое док-тов нет
72;1945-1965;Ростовский областной филиал ВЗУК
73;1963-1973;Ростовская областная рыбоводно-мелиоративная станция
;1974-2004;Ростовская областная производственная рыбоводно-мелиоративная станция
74;1943-1947;Электроремонтный заводРостовского областного земельного отдела
;1948-1958;Электроремонтный завод Управления сельского хозяйства Ростоблисполкома
;1959-1960;Электромеханический завод Управления сельхозмашиностроения Ростовского совнархоза
;1961;Опытный завод НИИТМ Ростовского совнархоза
;1962-1975;Ростовский опытный завод Россельхозтехника
;1976-1982;Ростовский опытный завод(головной)Ростовского производст-венного объединения ремонтных заводов Ростовавторемонт
;1983-1986;Ростовский опытный завод Сельхозтехника
;1986-1992;Опытный завод Ростовский АПК Ростовской области,СПМК Ростовагропромспецмехколонна,НПР «Агропроммаш г.Москва
;1993-1999;АООТ Элта
;2000-2002;ЗАО Элта
75;1943-1954;Ростовская областная контора Главзаготскот Юга
;1955-1958;Ростовская областная контора Заготскототкорм (1959-1961Управления мясной и перерабатывающей промышленности
;1962-1969;Ростовский трест откормочных совхозов и заготовок скота Скотооткорм
;1970-1975;Ростовский трест Скотопром
;1975-1978;Ростовское межхозяйственное специализированное объединение Донмясопром
;1979-1983;Ростовское областное производственное объединение Ростовскотопром 
76;1968-1975;Ростовский трест мясных совхозовОбластного управления сельского хозяйства
;1976-1986;Ростовский трест племенных хозяйств
77;1970-1971;Ростовский строительно-монтажный участок Росводстрой
;1971-1979;Ростовская передвижная механизированная колонна треста Росводстрой с 1973г- треста Ростовводремстрой 
78;1947-1951;Ростовская областная перевалочная база Сельхозснаб
;1951-1960;Ростовская областная база Сельхозснаб УМТСРостовского областного управления сельского хозяйства
;1960-1961;Ростовская областная завозная база Главторгмаш
;1961-1977;Ростовская областная завозная база Сельхозтехника
79;1960-1961;Ростовский городской магазин Управления Главторгмаш
;1961-1975;Ростовский городской магазин № 1 Ростовского областного объединения Сельхозтехника
;1975-1978;Ростовское межрайонное объединение Ростовского областного объединения Сельхозтехника
;1978-1986;Ростовское межрайонное производственное объединение по производственно-техническому обеспечению сельского хозяйства Ростовского областного производственного объединения по производственно-техническому обеспечению сельского хозяйства
;1986-1993;База  материально-технического снабжения Донагропромснаб АПК Ростовской области
;1993-1996;Акционерное общество Донагропромснаб
;1996-1999;Открытое акционерное общество Донагропромснаб
80;1954-1959;Ростовская-на-Дону резервная база Росглававтотрактороснабсбыта
81;1971-1981;Производственно-транспортное управление  Транссельхозтехника
82;1964-1966;Ростовское специализированное монтажное управление Сельхозтехника
;1967-1976;Ростовский трест Ростовсельхозмонтаж
;1976-1986;Ростовское производственное объединение по механизации животноводческих ферм и комплектованию сельскохозяйст-венных строек Ростовсельхозмонтажкомплект
;1986-1993;Производственное объединение по механизации животноводческих ферм Ростовагропроммехмонтаж
;1993-1996;АООТ Ростовсельхозмонтаж
;1996-2008;ОАО Ростовсельхозмонтаж
83;1964-1965;Ростовская областная ветеринарно-санитарная станция
;1966-1972;Областная станция по борьбе с болезнями животных
84;1968-1971;Ростовский специализированный монтажный участоктреста Ростовсельхозмонтаж
85;1943-1944;Комбинат подсобных предприятий Ростовского городского треста столовых и ресторанов
;1945-1949;Подсобное хозяйство Ростовского городского треста столовых и ресторанов
;1950-1957;Подсобное хозяйство № 2 Ростовского городского треста столовых и ресторанов
86;1968;Красносулинский специализированный монтажный участок Сельхозтехника
87;;Константиновский специализированный монтажный участок № 9 Сельхозтехника
88;1965-1968;Октябрьский специализированный монтажный участок № 3 Сельхозтехника
89;1965-1968;Неклинский специализированный монтажный участок № 3  Сельхозтехника
90;1952-1959;Завозная база Глававтотракторосбыт
91;1968-1971;Ростовский электромонтажный хозрасчетный участок управления Ростовремстроймонтаж
;1971-1973;Ростовский электромонтажный хозрасчетный участокСоюзремсельстрой
;1973-1974;Ростовский прорабский участок Кисловодской ПМК-1 Союзремсельстроя
;1974;Ростовский прорабский участок Кисловодской ПМК-1 Ставропольсельстроя   
92;1964-1965;Управление капитального строительства при Ростовском областном управлении производства и заготовок сельскохозяйственных продуктов
;1965-1972;Управление капитального строительства при Ростовском областном управлении сельского хозяйства
;1972-янв1976;Управление капитального строительства в совхозах Областного производственного объединения совхозов
93;1969-1980;Завод Элеватормонтаждетальтреста Нечерноземэлеватормельмонтаж
94;1968-1972;Управление механизации Ростсельстроя
95;1950-1952;Егорлыкский строительный участок Совхозстрой
96;1943-1948;Ростовский-на-Дону завод шлакоблоков Ростовского областного треста Ростовстрой
97;1939-1946;Ростовская межобластная строительно-монтажная и мелиоративная контора Совхозстрой
;1947-1950;Ростовская межобластная строительная  контора Совхозстрой
;1952-1954;Южный строительный трест
98;1953;Завод Сельстройдеталь треста Ростовстройдеталь
;1953-1955;Завод Стройдеталь треста Ростовстрой
;1955-янв 1956;Комбинат производственных предприятий треста Ростовстрой
99;1945-1947;Кабардинский строительный участок Совхозстроя
100;1951-1952;Морозовский строительный участок Союзсовхозстроя 
101;1943-1950;Сталинская областная строительная контора Совхозстрой
;1950-1952;Сталинский строительный трест Союзсовхозстрой
102;1945-1946;Трест Облсельстрой Управления сельского строительства при СНК
;1947-1951;Трест Ростоблсельстрой
;1951-1953;Трест Ростовсельстрой
103;1976-1986;Объединенная дирекция по строительству животноводческих комплексов и других сверхлимитированных объектов Производственного управления сельского хозяйства
104;1946-1948;Ростовский строительный участок № 1 Совхозстроя
105;1953-1954;Контора материально-технического снабжения Ростовского стройтреста
106;1948-1952;Контора снабжения и транспорта Ростовгорстрой
107;1954-1957;Областной строительный трест Каменкстрой
108;1943-1946;Ростовский областной Ростовстрой Областного отдела коммунального хозяйства Ростоблисполкома
;1946-1953;Ростовский областной строительно-монтажный трест Ростовстрой Главного управления гражданского строительства Наркомата гражданского строительства РСФСР
;1953-1963  ;Трест РостовстройМинистерства городского и сельского строительства
;1963-1966;Трест Ростовсовхозстрой Главсевкавстроя
;1966-1967;Трест Ростовсовхозстрой Министерства сельского строительства РСФСР
;1968-1986;Ростовское областное производственное управление сельского строительства Ростсельстрой
109;1943-1944;Кузнецкая лесозаготовительная контора Ростоблжилснаба
;1944-1945;Кузнецкая лесозаготовительная контора Ростовгражданстроя
;1945-1949;Кузнецкий леспромхоз Ростовгражданстроя, Ростсельстроя
110;1943-1944;Ростовская областная контора снабжения и транспорта треста Ростоблстрой
;1944-1945;Ростовская областная контора снабжения и транспорта треста Ростовгражданстрой
;1945-1951;Контора снабжения и транспорта треста Ростовстрой, Транспортная контора треста Ростовстрой
;1955-1963;Контора снабжения треста Ростовстрой
;1963-1967;Контора снабжения треста Ростовсовхозстроя 
;1967;Контора снабжения управления Ростсельстрой
;1968-1973;Управление производственно-технической комплектации Ростельстроя  
111;1946-1947;Строительно монтажная контора Областного земельного отдела
;1947-1950;Ростовская строительно-монтажная контора треста Союзсельстроя
;1950-1953;Ростовская строительно-монтажная контора Областного управления сельского хозяйства
;1953-1954;Строительно-монтажный трест РостсельхозстроймонтажОбластного управления сельского хозяйства
112;1947-1949;Отдел рабочего снабжения треста Ростовстрой
113;1944-1948;Общестроительное управление  № 2 треста Ростовстрой
114;1944-1946;Строительное управление 1 Ростовгражданстроя, Ростовстроя
115;1945-1948;Батайская транспортная контора Ростовоблсельстроя
116;1946-1951;Ростовский строительный участок ГУШОСДОРа МВД СССР
;1951-1954;Отдельный строительный район № 8 ГУШОСДОРаМВД СССР
;1954-1957;Строительно монтажное управление  треста Автотрансстрой № 3
;1957-1959;Строительно монтажное управление  треста Ростоблавтодорстрой
;1959-1962;Ростовское строительно-монтажное управление  треста Ростовстрой
117;1949-1957;Ростовская областная лесозаготовительная контора Областного управления сельского и колхозного строительства
;1957-1960;Ростовская областная контора по заготовке леса и других стройматериалов Областного управления сельского хозяйства
;1960-1961;Ростовская областная лесозаготовительная контораОблмежколхозстроя 
118;1950-1952;Добряно-Щучье-Озерский леспромхоз
119;1968-1978;Батайский завод по производству строительных материалов треста Ростоблколхозстроя
120;1952-1955;Железнодорожный леспромхоз
;1956-1962;Каменский леспромхоз Ростовской лесозаготовительной конторы
121;1950-1964;Астраханский леспромхоз Ростовской лесозаготовительной конторы Ростовского областного управления по делам сельского и колхозного строительства
122;1951-1956;Цимлянский леспромхоз Ростовской лесозаготовительной конторы
123;1956-1957;Волгодонская лесоперевалочная базаРостовской лесозаготовительной конторы
124;1966-1969;Самарский кирпичный завод Ростовского треста по производству и заготовке строительных материалов Облмежколхозстроя
125;1950-1955;Верхне-Городковский леспромхоз Куйбышевской лесозаготовительной конторы Главколхозстроя
;1955;Верхне-Городковский леспромхоз Ростовской лесозаготовительной конторы Главколхозстроя
;1955-1960;Ростовский леспромхоз Ростовской лесозаготовительной конторы Главколхозстроя
;1960-1965;Ростовский леспромхоз Облмежколхозстроя
126;1945-1958;Областное управление по делам сельского и колхозного строительства
127;1970-1971;Хозрасчетный участок механизации (спемонтажное, сантех-ническое, электромонтажное, белокалитвенское прорабства)треста Спецстроймонтаж Ростоблколхозстроя
128;1969-1970;Передвижная механизированная колонна Стройтреста № 3Ростоблколхозстроя
129;1969-1970;Контора материально-технического снабжения Стройтреста № 3 Ростоблколхозстроя
130;1966-1968;Спецмонтажное управление Ростоблколхозстроя
131;1966-1967;Центральные ремонтные мастерские треста Ростовсельхозводстрой
;1967-1968;Ростовский строительно-монтажный участок треста Ростовсельхозводстрой
;1968-1969;Ростовское строительно-монтажное управление треста Ростовсельхозводстрой 
;1969;Ростовская передвижная механизированная колонна треста Ростовсельхозводстрой
;1970;Ростовская передвижная механизированная колонна треста Промжилводстроя
132;1967-1970;Стройтрест № 3 Ростоблколхозстроя Белая Калитва
133;1968-1969;Строительно-монтажное управление ЛесхозпромстройРостоблколхозстроя
134;1964-1970;Контора материально-технического снабжения Ростоблколхозстроя
;1970-1985;Управление материально-технического снабжения Ростоблколхозстроя
;1985-1986;Управление материально-технологической комплектации Ростоблколхозстроя
;1986-1987;Управление материально-технологической комплектацииРостовагропромстроя
;1988-1990;Ростовский специализированный межхозяйственный трест Агростройкомплект Ростовагропромстроя
135;1966-1973;Учебный комбинат Ростоблколхозстроя 
136;1943-1944;Ростовская областная мелиоративная строительная контора Облмелиоводстрой Областного управления мелиорации и водного хозяйства
;1944-1953;Ростовская областная мелиоративно строительная контора Водстрой Областного управления мелиорации и водного хозяйства
137;1947-1951;Ростовская межобластная контора мелиорации и водного хозяйства
;1951-1953;Ростовский трест Ростовсовхозводстрой
;1954-1964;Ростовский специализированный трест Ростовсовхозводстрой
;1964-1983;Ростовский специализированный трест Ростовсельхозводстрой
138;1950;Проектно-изыскательская контора Ростовской областной строительно-мелиоративной конторы Водстрой
;1951;Проектно-изыскательское бюро Ростовской строительно-мелиоративной конторы Водстрой
139;1967-1982;Управление лесозаготовок Ростоблколхозстроя
140;1975-1977;Областное межрайонное хозрасчетное производственное объединение Облколхозплодпром
141;1949-1987;Управление строительства  Ростовдонводстрой
142;1949-1952;Специализированная контора управления строительства Ростовдонводстрой
143;1949-1953;Контора производственных и подсобных предприятий Управления строительства Ростовдонводстрой
144;1949-1961;Контора материально-технического снабжения Управления строительства Ростовдонводстрой
;1961-1964;Отдел снабжения Управления строительства Ростовдонводстрой
;1964-1975;Контора материально-технического снабжения Управления строительства Ростовдонводстрой
;1975-1983;Управление производственно-технологический комплектации Управления строительства «Ростовдонводстрой»
145;1971-1989;Ростовское отделение Всесоюзного государственного промышленного хозрасчетного объединения Союзучетиздат
;1989-1992;Ростовское отделение редакционно-полиграфического объединения Союзбланкоиздат
;1992-1993;Предприятие Бланкоиздат
;1993-1998;ТОО Бланкоиздат
;1998-2006;ООО Бланкоиздат
146;1968-1972;Ростовское строительно-монтажное управление Ростоблколхозстроя
;1973-1978;Ростовское строительно-монтажное управлениетреста Спецстроймонтаж
;1978-1982;Ростовская передвижная механизированная колонна треста Спецстроймонтаж Ростоблколхозстроя
;1982-1985;Ростовская передвижная механизированная колонна треста Спецстроймонтаж  Стройтреста № 2 Ростоблколхозстроя
;1986-1987;Ростовская передвижная механизированная колонна треста Азовагропромстрой
;1987-1988;Ростовская передвижная механизированная колонна Центрального межхозяйственного строительно-монтажного  треста Ростовагропромстрой
147;1975-;Объединенный межведомственный архив,ОГУ Ростмежведархив
148;1972-1975;Ростовское транспортное предприятие Транссельхозтехника
;1975-1977;Ростовское транспортное предприятиеРостовского межрайонного объединения Сельхозтехника
;1981-1986;Ростовское транспортное предприятие ТранссельхозтехникаПроизводственно-транспортного управление Ростовтранссельхозтехника
;1987-1990;Межхозяйственное транспортное предприятие Ростовагропромтранс-1
149;1968-1983;Управление электромонтажных работ треста Спецстроймонтаж Ростоблколхозстроя
;1994-1986;Ростовская специализированная передвижная механизированная колонна № 2 электромонтажных работ Ростоблколхозстроя СПМК 2
;1986-1992;Ростовская специализированная межхозяйственная передвиж-ная механизированная колонна № 2 по электромонтажным работам треста Ростовспецстроймонтаж Ростовагропромстроя документы по 1987г включительно
;1992-;ЗАО Элмонт
150;1968-1982;Управление сантехнических работ треста Спецмонтаж Ростоблколхозстроя
;1982-1991;Специализированная передвижная механизированная колонна № 3 /сантехнических работ/ треста Ростовспецстроймонтаж, Ростовагропромстроя
;1991-1992;Акционерная фирма Никасант Ростовагропромстроя
;1992-1997;Акционерная фирма НикасантДепартамента сельского хозяйства Ростовской области
;1997-2005;ЗАО Ростовская специализированная передвижная механизи-рованная колонна» № 3 Агропромстроя (РСПМК 3) 
151;1967-1985;Ростовский строительный трест № 2 объединения Ростоблколхозстрой Стройтрест № 2
;1986;Центральный трест объединения Ростовагропромстроя
;апр-дек 1986 ;Азовский трест объединения Ростовагропромстроя
;1987-1991;Центральный трест объединения Ростовагропромстроя
152;1943-1944;Ростовская межрайонная строительно-монтажная контора Горжилуправления 
;1945-1957;Ростовский городской строительно-монтажныйтрест Ростовгорстрой
153;1966-1967;Управление промышленных предприятий Облмежколхозстроя
;1967-1968;Трест по производству и заготовке строительных материалов Облмежколхозстроя
;1969-1986;Трест промышленности строительных материалов Облмежколхозстроя, Ростоблколхозстроя Промстройматериалов
;1986-1988;Трест Агропромстройматериалов Ростовского кооперативно-государственного объединения Ростовагропромстрой
;1989-1991;Объединение Агропромстройматериалов
154;1962-1965;Северо-Кавказская бассейновая инспекция по использованию и охране водных ресурсов Государственного комитета Совета Министров РСФСР по водному хозяйству
;1966-1974;Северо-Кавказская бассейновая инспекция по использованию и охране водных ресурсов Министерства мелиорации и водного хозяйства РСФСР
;1974-1984;Донское бассейновое территориальное управление по регулированию использования и охране вод Министерства мелиорации и водного хозяйства РСФСР 
;1985-1986;Донское бассейновое территориальное управление по регулированию использования и охране вод Главного управления охраны водных ресурсов 
;;Министерства мелиорации и водного хозяйства РСФСР
;1987-1988;Донское бассейновое /территориальное/управление по регулированию использования и охране вод Главного управления охраны водных ресурсов
;;Министерства мелиорации и водного хозяйства РСФСР
;1989-1992;Донское бассейновое водохозяйственное объединениеКомитета Российской Федерации по водным ресурсам
;1993-2003;Донское бассейновое водохозяйственное управлениеКомитета по водному хозяйству при Правительстве РФ-«Роскомвод»
;2004-2007;Донское бассейновое водное управление/ДБВУ/Федерального агенства водных ресурсов
;;Министерства природных ресурсов РФ
155;1968-1969;Ростовский-на-Дону мелиоративный трест Мелиоводстрой Главдонводстроя
;1969-1975;Ростовский-на-Дону специализированный трест  Мелиоводстрой Главдонводстроя
;1975-1990;Ростовский-на-Дону специализированный трестМелиоводстрой Производственного хозрасчетного строительно-монтажного объединения Донводстрой
156;1969;Батайский строительно-монтажный участок  треста Промстройматериалы Ростоблколхозстроя
157;1976-1978;Северо-Кавказская гидрогеолого-мелиоративная партия  Ростовской зональной гидрогеолого-мелиоративной экспедиции 
158;1969-1973;Управление оросительных систем на местном стоке Управ-ления мелиорации и водного хозяйства Ростоблисполкома
;1973-1978;Головное управление оросительных систем Управления мелиорации и водного хозяйства Ростоблисполкома 
159;1972-1975;Ростовская зональная гидрогеолого- мелиоративная экспедиция Главного управления эксплуатации водохозяйственных систем и гидротехнических сооружений Министерства мелиорации и водного хозяйства РСФСР
;1976-1978;Ростовская зональная гидрогеолого- мелиоративная экспедиция Центральной  гидрогеолого-мелиоративной экспе-диции Всероссийского объединения Ростовводэксплуатация
160;1968-1971;Трест специальных строительных и монтажных работ Спецстроймонтаж  Ростоблколхозстроя
;1975-1986;
161;1990-2003;"Ростовская областная экспедиция по борьбе с болезнями рыб;  за 1986-1990годы -межрайонный ветеринарный участок по борьбе с болезнями рыб см.ф 26"
162;1943-1950;Совхоз № 1 Облсельхозтреста, Азчерэнерго, Ростовэнерго
;1950-1957;Подсобное хозяйство № 1 Ростовского треста столовых, ресторанов и кафе
163;1943-1944;Совхоз № 23 Облсельхозтреста
;1944-1951;Подсобное хозяйство Ростовского Обкома ВКП/б
;1951-1957;Подсобное хозяйство № 3 Ростовского треста столовых, ресторанов и кафе
164;1961-1966;Сандатовский кирпичный завод Сальской межколхозной строительной организации
;1966-1973;Сандатовский кирпичный завод Сальского строительно-мон-тажного управления треста по заготовке строительных материалов Ростоблколхозстроя 
165;1946-1956;Северо-Кавказский союзный строительно-монтажный трест Севкавзаготстрой Главного строительного управления Наркомзага СССР
;1956-1961;Трест Севкавхлебстрой Главного управления Росглавхлебострой Министерства хлебопродуктов
;1961-1963;Трест Севкавзаготстрой Главного управления Росзаготстрой Министерства заготовок РСФСР
;1963-1965;Трест Севкавэлеватормельстрой Главного управления Спец-элеватормельстрой Министерства производства и заготовок с/х продуктов РСФСР
;1965-1984;Трест Севкавэлеваторстрой Минсельстроя
166;1949-1953;Контора гражданского строительства Ростовдонводстроя
;1953;Строительно-монтажный участок № 3 СМУ № 1 
167;1949-1951;Строительно-монтажная контора Ростовдонводстроя
;1952-1953;Строительно-монтажное управление № 1 Ростовдонводстроя
168;1949-1951;Строительно-монтажная контора № 2 Ростовдонводстрой
;1952-1953;Строительно-монтажное управление № 2 Ростовдонводстрой
169;1949-1952;Строительно-монтажная контора № 3 Ростовдонводстроя
;1953;Строительно-монтажное управление № 3 Ростовдонводстроя
170;1952-1966;Строительно-монтажное управление № 6 Ростовдонводстроя
;1967-1970;Передвижная передвижная колонна № 6 Ростовдонводстроя
171;1950-1953;Транспортная контора  Ростовдонводстроя
172;1951-1953;Автоколонна № 1 Автотранспортной конторы РДВС
;1953-1955;Автоколонна № 1 Конторы материально-технического снабжения Ростовдонводстрой
;1955;Местная транспортная контора СМУ № 6 РДВС
173;1951-1953;Автоколонна № 2 Транспортной конторы РДВС
174;1950-1953;Автоколонна № 3 Транспортной конторы РДВС
175;1950-1952;Автоколонна № 6  Ростовдонводстроя
176;;Автоколонна № 7 Ростовдонводстроя
177;1952-1953;Автоколонна № 8 Ростовдонводстроя
178;1962-1966;Ремонтно-механические мастерские треста Севкавэлеватормельстрой
;1966-1985;Батайский ремонтно-механический заводтреста Севкавэлеваторстрой
;1986-1987;Батайский ремонтно-механический завод объединения Севкавэлеваторспецстрой
;1988-1992;Батайский ремонтно-механический завод ППСО «СКЭСС»
;1993-1995;ТОО Ремонтно-механический завод РМЗ
179;1968-1979;Северо-Кавказский зональный центр научной организации труда и  производства в сельском хозяйстве Всесоюзного научно-исследовательского института экономики сельского хозяйства- Всероссийского научно-производственного центра организации производства,труда и управления в сельском хозяйстве(1979г)
;1979-1981;Ростовский филиал Центра Россельхоз НОПТУ и Производственного управления сельского хозяйства
;1981-1983;Ростовский областной центр по внедрению научной организации производства,труда и управления в сельском хозяйстве Производственного управления сельского хозяйства (НОПТУ)
;1983-1986;Ростовский областной центр НОТ ПУСХ
;1986-1992;Ростовский филиал Центра «Росагропромнопт»
180;1967-1968;Передвижная механизированная колонна № 1Ростоблколхостроя
;1968-1971;Спецмонтажное управление треста Спецстроймонтаж
;;Ростоблколхостроя
;1971-1974;Специализированное монтажное управление Ростоблколхостроя
;1975-1978;Специализированное монтажное управление треста Спецстроймонтаж  Ростоблколхостроя
;1979-1981;Специализированное монтажное управление треста № 2 Ростоблколхозстроя
;1982-;Специализированное монтажное управление Целинского сельского строительного комбината Ростоблколхозстроя
;1983-1985;Ростовская специализированная передвижная механизированная колонна № 1 Целинского сельского строительного комбината Ростоблколхозстроя 
181;1971-1979;Дирекция строящейся торгово-накопительной базы Ростовского областного объединения Сельхозтехника
182;1974-1976;Ростовский хозрасчетный участок по монтажу котельных треста Ростовсельхозмонтаж
;1976-1978;Ростовская передвижная механизированная колонна по монтажу котельных ПО Ростовсельхозмонтажкомплект
183;1973-1975;Ростовский участок Северо-Кавказской специализированной передвижной механизированной колонны 2 Союзного треста Оргсельтехмонтаж
184;1943-1955;Ростовский-на-Дону мельзавод № 3 треста Главмука Облмельтреста
;1956-1958;Ростовский-на-Дону мельзавод № 3 Ростовского областного управления хлебопродуктов
;1959-1992;Ростовский-на-Дону мельзавод № 2 Ростовского областного управления хлебопродуктов
;1993-1995;Акционерное общество открытого типа Ростовский мукомольный завод
;1996-2002;ОАО Ростовский мукомольный завод
;2002-2005;ОАО Ромузъ
185;1957-1961;Совхоз Пригородный городского управления торговли 
;1961-1972;Совхоз Пригородный завода Ростсельмаш
;1972-1975;Отделение совхоза Ливенцовский
;1975-1976 ;Молочный совхоз Темерницкий
186;1949-1956;Машино-прокатная база треста Севкавзаготстрой
;1956-1957                                                                                                                                                                                                                                                                                                                                                                                                                                                                                                                                                                                                                                                                                                                                                                                                                                                                                                                                                                                                                                                                                                                                                                                                                                                                                                                                                                                                                                                                                                                                                                                                                                                                                                                                                                                                                                                                                                                                                                                                                                                                                                                                                                                                                                                                                                                                                                                                                                                                                                                                                                                                                                                                                                                                                                                                                                                                                                                                                                                                                                                                                                                                                                                                                                                                                                                                                                                                                                                                                                                                                                                                                                                                                                                                                                                                                                                                                                                                                                                                                                                                                                                                                                                                                                                                                                                                                                                                                                                                                                                                                                                                                                                                                                                                                                                                                                                                                                                                                                                                                                                                                                                                                                                                                                                                                                                                                                                                                                                                                                                                                                                                                                                                                                                                                                                                                                                                                                                                                                                                                                                                                                                                                                                                                                                        ;Машино-прокатная база треста Севкавхлебстрой
;1958-1961;Управление механизации и специализированных работ треста Севкавхлебстрой
;1961-1963;Управление механизации и специализированных работ  треста Севкавзаготстрой
;1964;Управление механизации треста Севкавэлеватормельстрой
;1965-1979;Управление механизации треста Севкавэлеваторстрой 
;1980-1988;Управление механизации № 1 треста Севкавэлеваторстрой
;1989-1993;Управление механизации № 1 ППСО СКЭСС
;1992-1998;ТОО СЭМПУС
;1999-2003;ООО СЭМПУС
187;1943-1959;Комбинат № 1 Горплодовощторга
;1959-1963;Оптовая плодоовощная база № 2,3,Холодильник Горплодоовощторга
;1964-1986;База № 2 ОРО Плодоовощ
;1986-1994;База № 2 ГПОТ Ростовский
;1994-1996;АООТ Плодоовощ-2
;1996-2002;ОАО Плодоовощ-2 
188;1972-1975;Лаборатория стандартизации и метрологии Областного объединения Сельхозтехника
189;1968-;Миллеровский строительно-монтажный участок Миллеровского леспромхоза 
;;Управления лесозаготовок Ростоблколхозстроя
;1969-1979;Миллеровский строительно-монтажный участок Управления лесозаготовок Ростоблколхозстроя
190;1975-1979;Механизированный отряд по борьбе с вредителями сельскохозяйственных культур 
;;Ростовской областной станции защиты растений
191;1966-1970;Группа технического надзора по строительству в колхозах Областного управления сельского хозяйства
;1971-1986;Управление капитального строительства в колхозах  Областного управления сельского хозяйства
192;1952-1954;Ростовский строительный участок треста Ростовсовхозводстрой
;1955-1956;Ростовский строительно монтажный участок треста Ростовсовхозводстрой
;1956-1966;Ростовский прорабский участок треста Ростовсельхозводстрой
193;1951-1954;Ростовская контора материально-технического снабжениятреста Ростовсовхозводстрой
;1954-1956;Транспортная контора треста Ростовсовхозводстрой
;1967-1975;Хозрасчетная контора материально-технического снабжениятреста Ростовсельхозводстрой
;1976-1985;Управление производственно-технологической комплектации треста Ростовсельхозводстрой УПТК
194;1973-1981 1984;Специализированный ремонтно- строительный трест Ростовводремстрой Республиканского производственного водохозяйственного ремонтно-строительного объединения Росводремстрой Министерства мелиорации и водного хозяйства
195;1952-окт1953;Челябинский филиал Центрального бюро технической помощи строительству Министерства строительства предприятий тяжелой индустрии СССР
;Окт1953-дек1955;Уральский филиал государственного института «Оргстрой»
;Дек1956-1961;Уральский филиал Центрального бюро «Оргстрой» Академии строительства и архитектуры СССР
;1962-1975;Уральский филиал Государственного проектного института по организации сельского строительства и оказанию технической помощи «Гипрооргсельстрой»
;1976-янв 1977;Уральский филиал института «Роспроектсельстройиндустрия»
196;1963-1966;Проектно-сметное бюро Ростовского областного объединения Сельхозтехника 
;1967-1969;Проектно-конструкторское бюро Ростовского областного объединения Сельхозтехника
;1970-1985;Проектная контора Ростовсельхозтехпроект при Ростовском областном объединении Сельхозтехника док-ты с 1980г
;1986-1990;Проектная контора Ростовагропромтехпроект
;1991-1995;Проектный и проектно-технологический институт Ростовагропромтехпроект
;1995-1996;АООТ Проектно-технологический институт Ростовагропромтехпроект
;1996-2001;ОАО Проектно-технологический институт Ростоагропромтехпроект
197;1960-1961;Механические мастерские Ростовского СМУ треста Спецэлеватормельстрой
;1962-1969;Механические мастерские Ростовского СМУ треста Спецэлеватормельмонтаж
198;1968-1986;Спецпоезд Э-19 треста Севкавэлеваторстрой
;1987-1992;Э-7 ППСО Севкавэлеваторспецстрой
;1993-1995;ТОО Сандор
199;1972-1975;Управление производственно-технологической комплектации треста Ростовсельхозмонтаж
;1975-1976;Ново-Аксайское специализированное отделение треста Ростовсельхозмонтаж
;1977-1986;Ново-Ростовское специализированное отделение объединения Ростовсельхозмонтажкомплект
;1986-1992;Ремонтно техническое предприятие Ростовспецмонтажзаготовка
;1992-1997;ОАО Ново-Ростовское
200;1972-1975;Багаевский прорабский хозрасчетный участок по механизации животноводческих ферм треста Ростовсельхозмонтаж 
;1976-1982;Багаевский прорабский хозрасчетный участок по механизации животноводческих ферм объединения Ростовсельхозмонтажкомплект
201;1976-1977;Ростовский хозрасчетный прорабский участок по электромонтажным работам объединения Ростовсельхозмонтажкомплект
;1977-1987;Ростовская передвижная механизированная колонна  по электромонтажным работам объединения Ростовсельхозмонтажкомплект
;1987-1992;Специализированная передвижная механизированная колонна  Ростовская № 2 по электромонтажным работам объединенияРостовсельхозмонтажкомплект
;1993-1998;ТОО Специализированная передвижная механизированная колонна  Ростовская № 2 по электромонтажным работам
202;1970-1983;Ростовский трест свиноводческих совхозов Свинопром Всероссийского производственного научного объединения по свиноводству Свинопром РСФСР Министерства сельского хозяйства РСФСР
203;1977-1983;Ростовское областное межхозяйственное объединение Донконепром Всероссийского объединения конных заводов Министерства сельского хозяйства РСФСР
204;1976-1983;Объединенная дирекция строящихся комплексов в совхозах Ростовского треста Овцепром 
205;1973-1983;Объединенная дирекция строящихся животноводческих комплексов Ростовского объединения Ростовскотопром 
206;1974-1983;Дирекция строящихся свинокомплексовРостовского треста Свинопром
207;1972-1983;Ростовское специализированное управление монтажных и пусконаладочных работ при Ростовском областном объединении Сельхозтехника
208;1943-1962;Колхоз им.Ленина,колхоз им.26-ти Бакинских комиссаров-1книга 
;1962-1972;Совхоз Мясниковский
;1972-1978;Совхоз Ливенцовский
209;1962-1963;Ростовский хозрасчетный участок монтажно-наладочного управления треста Спецэлеватормельстрой Спецэлеватормельмонтаж
;1964-1974;Ростовское монтажно-наладочное управление треста Спецэлеватормельмонтаж 
;1974-1986;Ростовское монтажно-наладочное управление треста Нечерноземэлеватормельмонтаж
;1986-1988;Ростовское специализированное монтажно-наладочное управление треста Центрэлеватормельмонтаж 
;1988-1993;Ростовское специализированное монтажно-наладочное управление треста Спецэлеватормельмонтаж
;1994;Ростовское специализированное монтажно-наладочное управление АООТ Спецэлеватормельмонтаж
;1995-2002;Ростовский филиал АООТ Спецэлеватормельмонтаж
;2003-2008;Ростовское  СМНУ АООТ Спецэлеватормельмонтаж
210;1967-1982;Строительный трест № 4 Ростоблколхозстроя
211;1964-1968;Ростовский н/Д трест консервной промышленности
;1969-1976;Ростовское производственно-совхозное объединение консервной промышленности Донконсерв
;1977-1979;Ростовское производственно-аграрное объединение консервной промышленности Донконсерв
;1981-1984;Ростовское производственное аграрно-промышленное объеди нение консервной промышленности Ростовконсервпром
212;1977-1987;Трест Донтрансводстрой объединения Донводстрой
213;1955-1962;Строительное управление № 8 треста Ростовстрой, Каменскстрой в 1957г
;1962;Строительный участок  № 8 треста Ростовстрой 
214;1950-1952;Зверевский строительный участок Ростовской строительно-монтажной конторы Совхозстрой
;1952;Шахтинское строительное управление треста Союзсовхозстрой, Южного строительного треста 
215;1956-1958;Шахтинское строительное управление № 4 Каменскстроя 
216;1946-1948;Больше-Крепинский строительный участок треста Ростоблсельстрой
;1948-1951;Родионово-Несветайский строительный участок треста Ростоблсельстрой
;1952-1953;Строительная контора № 4 Ростоблсельстроя
217;1949-1951;Аксайский строительный участок № 3 Ростоблсельстроя
218;1965-1977;Контрольно производственная химико-бактериологическая лаборатория Ростовского производственно-совхозного объединения консервной промышленности Донконсерв
219;1977-1979;Хозрасчетный участок Спецстроймонтаж треста Спецстроймонтаж
;1979-1986;Специализированная передвижная механизированная колонна Ростоблколхозстроя
;1986-1996;Специализированная межхозяйственная передвижная механизированная колонна № 8 Ростовагропромстроя
;1996-2002;ОАО СПМК-8 Ростовагропромстроя 
220;1977-1979;Ростовский участок производственно-технологической комп-лектации Ростовского областного межхозяйственного энергетического объединения Сельхозэнерго
;1979-1986;Ростовское управление производственно- технологической комплектации Ростовского областного межхозяйственного энергетического объединения Сельхозэнерго 
;1986-1993;Производственное межхозяйственное предприятие Ростовагропромтехэнерго
221;1972-1977;Автотранспортная контора треста Промжилводстрой
;1978-1980;Автотранспортное предприятие 7 треста Донтрансводстрой
222;1957-1968;Дирекция строящихся рисовых государственных  оросительных систем в Ростовской области Минводхоза РСФСР/Дирекция Ростовдонводстрой/
;1968-1970;Дирекция строящихся рисовых совхозов и оросительных систем в Ростовской области Минводхоза РСФСР/Дирекция Донводстрой/
;1970-1981;Дирекция строящихся рисовых совхозов и оросительных систем Управления мелиорации и водного хозяйства Ростоблисполкома /Дирекция Донводстрой/
223;1974-1981;Дирекция Донсовхозводстрой Управления мелиорации и водного хозяйства Ростоблисполкома
;1981-1994;Дирекция строящихся совхозов и мелиоративных объектов в Ростовской области /Дирекция Ростовсовхозводстрой/
;1994-1997;Государственное предприятие Дирекция строящихся сельскохозяйственных и мелиоративных объектов в Ростовской области /Дирекция Ростовсельхозводстрой/ документы сданы по 1996год включительно
;1997-2003;Государственное учреждение /Государственный заказчик/Дирекция строящихся сельскохозяйственных и мелиоративных объектов в Ростовской области
;;/Дирекция Ростовсельхозводстрой/
;2003-2004;Федеральное Государственное учреждение Дирекция строящихся сельскохозяйственных и мелиоративных объектов в Ростовской области
;;/Дирекция Ростовсельхозводстрой/
224;1970-1981;Дирекция Донгидрострой
225;1980-1985;Белокалитвинский учебно-курсовой комбинат Управления сельского хозяйства 
226;1970-1975;Дирекция строительства Шахтинского завода ЖБИ и других производственных объектов в Ростовской области Главдонводстроя 
;1976-1990;Дирекция по строительству производственных объектов объединения Донводстрой
227;1944,1957-1958;Кавспиртотрест, Ростовский консервно-водочный трест Управления пищевой промышленности
228;1976-1981;Производственное бройлерное объединение Ростовское Птицепрома РСФСР треста Птицепром
;1982-1986;Производственное бройлерное объединение Ростовскоетреста Птицепром
229;1977-1985;Семикаракорский учебно- курсовой комбинат при Производственном управлении сельского хозяйства Семикаракорского райисполкома
230;1973-1980;Ростовская республиканская перевалочная база ветснабжения Ростовского областного объединения Зооветснаб 
231;1974-1983;Ростовский филиал Центра НОТ иУправления производством Госкомсельхозтехники РСФСР
232;1977-1983;Бюро научно-технической информации Сельхозтехника 
233;1976-1986;Ростовское областное производственное объединение Донсемовощ
234;1980-1986;Производственное объединение Ростовское по семеноводству трав
235;1945-1992 ;Госинспекция по закупкам и качеству сельскохозяйственных продуктов по Ростовской области см.оп 1-Л, 2-Л, лаборатория Госхлебинспекции 1980 -1992 гг см.оп 2Л
236;1981-1986;Ростовское областное хозрасчетное производственное аграрно -промышленное объединение по плодоовощной  продукции Ростовплодоовощхоз 
237;1977-1982;Дирекция строящихся предприятий  при Ростовском тресте Овощепром 
;1983-1986;Дирекция строящихся предприятий  при Ростовском при Ростовском  областном производственном аграрно-промыш ленном объединении по плодоовощной продукции  Ростовплодоовощхоз
238;1982-1986;Ростовский филиал Центра научной организации труда и управления производством Министерства плодоовощного хозяйства РСФСР
239;1975-1986;Ростовское областное объединение Сельхозэнерго
240;1969-1986;Трест Донпищеремстроймонтаж объединения Роспищерем строймонтаж Министерства пищевой промышленн. РСФСР
241;1969-1985;Передвижная механизированная колонна Ростовского овощетреста,Овощепрома,АПО Ростовплодовощ
;1986;Ростовская специализированная передвижная механизирован-ная колонна Ростовагропромспецмехколонна
;1986-1991;Кагальницкая межхозяйственная передвижная механизирован ная колонна АПО Ростовплодовощхоза
242;1984-1986;Ростовская контора по заготовкам и поставкам плодоовощной продукции Ростовагропромзаготплодоовощ Документы изъяты прокуратурой
243;1969-1984;Трест Ростовсельстройстройконструкция объединения Ростсельстрой
244;1976-1987;Трест Донгидрострой  Объединения Донводстрой
245;1969-1987;Трест Промжилводстрой Объединения Донводстрой 
246;1976-1977;Передвижная механизированная колонна № 15треста Промжилводстрой 
247;1968-1975;Суховская передвижная механизированная колонна № 2 треста Промжилводстрой 
248;1980-1982;Управление производственно-технологической комплектации треста Промжилводстрой
249;1974-1977;Нижне-Маныческий хозрасчетный участок, Нижне-Манычес кая передвижная механизированная колонна -2 треста Промжилводстрой
250;1976-1977;Константиновская автотранспортная контора треста     Донгидрострой
;1978-1987;Автотранспортное предприятие № 6треста Донтрансводстрой
;1987-1993;Автотранспортное предприятие № 6 треста Донводстрой
;1993;АООТ Автотранспортное предприятие № 6
251;1975-1985;Строительный поезд Э-42 треста Севкавэлеваторстрой
;1986-1992;Строительный поезд Э-5треста Севкавэлеваторспецстрой, ППСО Севкавэлеваторспецстрой
;1993;Компания  Югэлеваторстрой (Юг-Элс)
;1994-1997;Компания Югэлеватормельстрой (Юг-Элс)
252;1967-1985;Миллеровская ПМК-600 треста Севкавэлеваторстрой
253;1958-1962;Миллеровское строительно-монтажное управлениетреста Севкавхлебострой
;1962-1968;Морозовское строительно-монтажное управление трестаСевкавзаготстрой, треста Севкавэлеватормельстрой
;1968;Морозовский строительный поезд Э-19
254;1970-1975;Новочеркасская производственно-техническая школа Главдонводстроя при тресте Ростовсельхозводстрой
;1976-1984;Новочеркасская производственно-техническая школа треста Ростовсельхозводстрой объединения Донводстрой
;1985-1987;Новочеркасский учебно-курсовой комбинаттреста Ростовсельхозводстрой
255;1980-1986;Управление производственно-технологической комплектациитреста Ростовсельхозводстрой
256;1974-1979;Агрохимический трест Ростоблсельхозтехники
;1980-1985;Ростовское областное производственное объединение «Облсельхозхимия» 
257;1980-1985;Батайская ремонтно-механическая мастерская  треста Донтрансводстрой, треста Донстройматериалы 
258;1965-1972;Ростовское областное производственное управление по заготовкам молока и молочной промышленности
;1972-1975;Ростовское областное производственное управление молочной промышленности
;1976-1985;Ростовское производственное объединение молочной промышленности
259;1973-1989;Трест Донстройматериалы объединения Главдонводстрой 
260;1976-1992;Хозрасчетная проектная группа управления Ростовского областного управления мелиорации и водного хозяйства, объединения Ростовводмелиорация
261;1980-1987;Машиносчетная станция треста  Севкавэлеваторстрой
262;1969;Контора снабжения треста Севкавэлеваторстрой
263;1969-1989;Управление производственно-технологической комплектации  треста Севкавэлеваторстрой 
264;1972-1989;Домоуправление треста Севкавэлеваторстрой 
265;1946-1949;Проектная группа треста Севкавэлеваторстрой 
266;1943-1986;Ростовское областное управление пищевой промышленности  Ростовского совнархоза, Ростоблисполкома
267;1950,1957;Ростовский областной мельничный трест Облмельтрест
268;1954-1957;Каменское областное управление промышленности продовольственных товаров
269;1957-1962;Ростовское областное управление промышленности продовольственных товаров 
270;1988-1990;Агропромышленное объединение г Ростова-на-Дону Агропро мышленного комитета Ростовской области  /ГАПО/
271;1961-1965;Аксайский строительно-монтажный участок треста Ростовсовхозводстрой
;1965-1966;Аксайский строительно-монтажный участок треста Ростовссельхозводстрой
;1966-1969;Аксайское строительно-монтажное управление треста Ростовсельхозводстрой
;1969-1996;Аксайская передвижная механизированная колонна треста Ростовсельхозводстрой
;1997;ОАО Аксайская передвижная механизированная колонна треста Ростовсельхозводстрой
272;1968-1985;Управление механизации Ростоблколхозстроя 
273;1972;Учебный комбинат треста Севкавэлеваторстрой
;1973-1987;Учебно курсовой комбинат треста Севкавэлеваторспецстрой
;1987-1989;Учебный пункт объединения Севкавэлеваторспецстрой
274;1977-1979;Ростовское объединение ОблколхозкомбикормПроизводственного управления сельского хозяйства
;1980-1983;Объединение Ростовмежхозкомбикорм
;1984-1986;Объединение Ростовское по кормопроизводству
275;1979-1986;Хозрасчетный участок по заготовкам и монтажу вентиляции, пусконаладочным работам и подсобным производствам треста Донпищеремстроймонтаж
;1987-1988;Ростовский передвижной механизированный хозрасчетный участок по монтажу и наладке вентиляционных систем, пусконаладочным работам и подсобным производствам треста Донагропромстроймонтаж
;1989-1990;Ростовская специализированная межхозяйственная передвижная механизированная колонна № 18 треста Донагропромстроймонтаж 
276;1976-1977;Контора материально-технического снабжения треста Колхоздорстрой
;1978-1987;Управление производственно-технологической комплектации треста Дорспецстрой
;1987-1992;Управление производственно-технологической комплектации треста Агродорспецстрой
277;1981-1991;Информационно вычислительный центр  Росколхозстройобъединения, Ростовагропрмстроя Агростройкомплект
278;1995-1997;ООО Стенимпекс
279;1991-1994;ТОО БиА,
280;1949-1954;База материально технического снабжения  при Ростовской областной конторе Главзаготскот Юга
;1955-;База материально технического снабжения  при Ростовской областной конторе Заготскот Юга
;1956-1958;База материально технического снабжения Ростовской областной конторы Заготскотооткорм 
;1959-1965;База материально технического снабжения Управления мясной и птицеперерабатывающей промышленности Ростовского совнархоза
;1966-1986;База материально технического снабжения Ростовского управ ления мясной промышленности Росглавмясо, Ростовского объединения мясной промышленности, Ростовского производ ственного объединения мясной промышленности
;1986-1990;База по материально техническому снабжению Агропромышленного комитета Ростовской области 
;1991;База по материально техническому снабжению Ростовмясоагропромснаб Государственно-кооперативного объединения Донмясопром
281;1992-1993;Предприятие малых форм Эльф
282;1977-1991;Комбинат общественного питания Росинка Управления рабочего снабжения объединения Донводстрой
;1992;Арендное предприятие общественного питания Росинка
;1992-1997;Закрытое акционерное общество Росинка
283;1976-1981;Ростовский областной трест по дорожному строительству и благоустройству Ростоблкоммундорстрой
;1981;Ростовское областное управление строительства, ремонта дорог и благоустройства
284;1967-1969;Ремонтно-строительный трест Ростоблремстрой  № 1 Ростовского облисполкома 
;1970-1981;Ремонтно-строительный трест Ростоблремстрой  Главцентр гражданстрой -Облремстройтрест
;1982-1987;Областное производственное объединение по строительству, ремонту и благоустройству Ростовоблремстрой Областного управления коммунального хозяйства
;1987-1991;Трест № 1 ПСО Ростовоблгражданстрой
285;1966-1970; Ростовский областной  бытовой ремонтно-строительный трест Ростоблбытремстрой № 1
;1971-1986;Ростовский областной строительно-монтажный трест Ростовгражданстрой
;1987-1990;Ростовское областное производственное строительное объединение Ростовоблгражданстрой
;1991-1992;Акционерная ассоциация Ростовоблгражданреконструкция
286;1968-1981;Контора материально-технического снабжения Облремстройтреста
;1982-1990;Управление производственно-технологической комплектации треста №  1 ПСО Ростовоблгражданстрой
287;1957-1959;Дорожно-строительный район Управления строительства 15Главдорстроя Минстроя СССР
;1960-1969;Строительное управление № 869 Управления строительства 15 Главдорстроя Минтрансстроя СССР
;1970-1991;Строительное управление № 869 треста Дондорстрой
;1992-2001;АО Строительное управление № 869треста «Донаэродорстрой»
287;1956-1990;Автоколонна № 2 Автобаза №63 Управления строительства №15 , Автоколонна 3 Автобазы №65 
Оп.4288;1979-1985;Ростовский филиал Республиканского проектно-технологи- ческого треста Оргтехмонтажстрой 
;1986-1992;Проектно-технологический филиал Ростовский объединения Росагромехживтехпроект
289;1977-1986;Областной хозрасчетный ветеринарно-санитарный отряд Про изводственного управления сельского хозяйства,АПК Ростов ской области,Департамента сельского хозяйства 
;1986-1992;
290;1979-1989;Хозрасчетный монтажный участокРостовского треста Птицепром
;1989-1992;Специализированное монтажно-наладочное управление произ водственного объединения Птицепром
;1992-;Строительномонтажный участок Производственного объединения Птицепром
291;1976-1977;Ростовский филиал Центрального конструкторско-технологи ческого бюро В/о Россельхозтехника Госкомсельхозтехника
;1978-1985;Ростовский филиал Центрального конструкторско-технологи ческого бюро Росагропромтехпроект
292;1950-1952;Отдел рабочего снабжения Управления строительства РДВС
;1952-1967;Управление рабочего снабжения Управления строительства РДВС
;1967-1991;Управление рабочего снабжения управлений Главдонводст рой, Донводстрой, объединения Ростовводмелиорация
;1991-1992;Арендное предприятие Управления рабочего снабжения при объединении Ростовводмелиорация
293;;Территориальное отделение Федерального агентства государственного сектора агропромышленного комплекса
294;1964-1970;Ростовское управление треста Спецжелезобетонстрой 
;1971-1990;Ростовское специализированное управлениетреста  Спецжелезобетонстрой 
;1991;Ростовское филиал  Акционерной проектно-строительной фирмы Спецжелезобетонстрой 
;1991-1995;Ростовское дочернее предприятие Акционерной проектно-строительной фирмы Спецжелезобетонстрой  
;1996;ОАО Спецжелезобетонстрой
295;1994-1997;ТОО компания Технополис ТОО Алькор 
296;1959-1966;Ростовское строительно-монтажное управление треста  Управления пищевой промышленности
;1966-1969;Ростовское ремонтно-строительное управление треста Севкавпищеремстроймонтаж
;1969-1986;Ростовское строительно-монтажное управление треста Донпищеремстроймонтаж
;1986-1987;Ростовское строительно-монтажное управление треста Донагропромстроймонтаж
;1987-1992;Ростовская специализированная межхозяйственная передвижная механизированная колонна № 13треста Донагропромстроймонтаж (ПМК -13)
297;1976-1985;Ростовское ремонтно-строительное управление треста Донпищеремстроймонтаж 
298;1987-1989;Управление производственно-технологической комплектации треста Донагропромстроймонтаж з-ту см. ф.296
299;1986-1990;Трест Донагропромстроймонтаж 
300;1966-1971;Трест № 2 Росмясомолремстроймонтаж  
;1971-1986;Трест Росмясомолстрой» Министерства мясной и молочной промышленности з-ту см. ф.296
301;1973-1991;Управление производственно-технологической комплектации треста Ростовоблгражданстрой 
302;1990-1991;Чалтырская дорожно-строительная передвижная механизиро ванная колонна Ростовского треста Агродорспецстрой
;1991-1992;Мясниковская дорожно-строительная механизированная передвижная колонна Ростовагропромдорстроя
;1993-1997;АОЗТ Мясниковская дорожно-строительная механизирован ная передвижная колонна Ростовагропромдорстроя
303;1991;Производственно коммерческий центрАссоциации Ростовоблгражданреконструкция
304;1988-1995;Дирекция по строительству сооружений водопровода, канализации и производству работ по защите берегов Азовского моря от разрушений 
305;1968-1977;Ростовский филиал института Росгипрооргсельстрой
;1977-1986;Ростовский филиал института Росоргтехсельстрой
;1986;Ростовский филиал технического центра объединения Агропромстрой
;1986-1988;Ростовский филиал Республиканского производственного проектно-технологического центра Росагропромстрой
;1988-1993;Ростовский проектно-технологический центр Севкавэлеваторспецстрой
;1993-1997;ТОО Ростовский проектно-технологический центр
306;1966-1986;Проектный институт Ростколхозпроект Ростовского област-ного объединения межколхозных строительных организаций Ростоблколхозстрой (за 1978-1982 есть документы филиала (Сельдорпроект)
;1986-1992;Проектный институт РостовагропромпроектГосагропрома РСФСР ОАО
307;1994-1997;Негосударственное образовательное учреждение  школа частного сыска и охраны  Перспектива М
308;1995-1997;ООО Дон-2
309;1991-1998;МП Алани
310;1992-1998;ТОО РоДон
311;--;ЗАО Донстройинтеграл 
312;---;ДАО ЛТД
313;1992-98?;ИЧП Декор
314;1997-?;ООО Командор 
315;1994-1998;ООО фирма Иском
316;1992-1998;ТОО Рост-Рига
317;1996-?;ООО Вертекс  
318;1992-98?;ТОО Ковчег
319;1997-1998;ООО ФРИС 
320;1995-98?;ООО Серж  
321;1994-96;ТОО фирма Огер
322;1996-98?;ЗАО Деметра
323;1995-98?;ООО Объединение русские кожевенники
324;1995-98?;ООО Финансовая компания АСС
325;1993-98?;ТОО АКВЕ 
326;1995-;Ростовская областная продовольственная корпорация при Департаменте сельского хозяйства и продовольствия
;мар.98;
327;?;Производственно-коммерческая фирма Мастер
328;1997-98?;ООО Полет
329;1991-98?;ИЧП Гарант 
330;1967-1998;Ростовское специализированное управление треста Гидроспецфундаментстрой
;1992-1995;АООТ Ростовское специализированное управление треста Гидроспецфундаментстрой
331;1996-98?;ЗАО Межрегионсинтез
332;---;ИЧП Ростовспецмонтаж
333;1995-98?;ООО Ремстрой  
334;1981-1990 ;Ростовское объединение комиссионных магазинов
;1991-1998;ТОО Универкомф Арендного объединения комиссионных магазинов
335;1997-1998;ЗАО Гортехстрой
336;1997-98?;ООО Камертон
337;1996-98?;ООО Магазин 17
338;1996-1997;ООО Трансснаб
339;?;ООО Сейфы Мира  
340;1997-1998;ООО Компания Агротек
341;1994-1996;Ростовский отдел Северо-Кавказского отделения  Государ-ственной инспекции по обеспечению государственной моно-полии на алкогольную продукцию при Правительстве РФ
;1997-;Ростовская инспекция федеральной службы по обеспечению государственной монополии на алкогольную продукцию
;мар.98;
;апрель-ав-густ1998;Инспекция Государственного комитета РФ по обеспечению монополии на алкогольную продукцию по Ростовской обл
342;?;МП ИЧП РИТМ
343;1992-1996;ООО НПП Электра
344;1997;ООО Фирма Автосервис быстрый путь  
345;1996-1998;ООО Торговый дом Домино  
346;1997-1998;ООО Юг Текстиль
347;1993-1998;ООО Ольга
348;1992-1998;ООО Страховое общество  потребительской кооперации области-СОПКО
349;1994-1998;ООО фирма Роза ветров
350;1989-1998;Кооператив Прометей
351;1997-1998;ООО Донпэль
352;1991-1998;Управление капитального строительства Департамента сельского хозяйства
353;1990-1997;Хозрасчетный отдел экспертизы проектов и смет
354;1993-1998;ТОО ПТП Электропровод
355;1994-1998;ТОО фирма Медэко
356;1997-1998;ООО Комашекс  
357;1996-1998;ООО фирма Ростагро 
358;1995-1998;ООО Ореол-Трайд
359;1992-1995;ИЧП Танген
360;1993-1998;ТОО Лель Плюс 
361;1993-1997;ТОО предприятие Эвдио 
362;1995-1998;ООО Ракурс 
363;1997-1998;ООО Донпродукт
364;1994-1998;ИЧП Динас
365;1991-1999;Комерческий банк Велес
366;1997-1998;ООО Строитель 3
367;1995-1998;ООО Донэлектропром
368;1993-1998;ИЧП Лидия Семенова -
369;1992-1999;ЧСП Арестовых Авир
370;1993;ТОО  Северо-Кавказской фирмы Инженерный центр Реактив
371;1995-1998;ООО Для Вас
372;1993-1999;Кооператив ИЧП Аспирационник Сапфир Рин
373;1992;ТОО ПКФ Оргтехснаб
374;1993-1997;ТОО Алькор
375;1995-1999;ООО фирма Доминатор
376;1992-1998;ЗАО Эланс
377;1992-1994;ТОО НКПФ Энигма 
378;;ООО Гортехпромстрой
379;1995-1998;ООО Ростагроаудит
380381;1993-1998;ТОО Полюс
382;1997;ООО Росмет
383;1992-1998;ТОО Стройинвест
384;1996-1998;ООО Золотое руно
385;1991-1996;ТОО НПЛ Электронная медицина (еще ф. 477)
386;1991-1999;ТОО Агростимул
387;1995-1998;СЧП Центра здоровья Надежда 
388;1992-1999;ТОО Надежда
389;1993-1994;ТОО Кретос
390;1993-1994;ТОО Элеватордеталь
391;1998-1999;ООО Сервис Плюс 
392;1997;ООО Элеватормелькомплект
393;1995-1998;ЗАО Юг России  
394;1995-1998;Межрегиональный потребительский союз Юг России
395;1993-1995;Фортуна 
396;1996-1998;Филиал № 4 Август производственно-коммерческой и строительной  фирмы ТОР Кировского районного правления ВОИ
397;1992-1999;ТОО ТУР
398;1999;ООО Гвентел
399;1995-1999;ООО Ростовская фабрика мягкой мебели  
400;1998;ООО Форпост плюс
401;1958-1960;Дирекция строительства нового водопровода в г.Таганроге Опись 2-Л
;1963-1991;Управление капитального строительства Ростовского облисполкома опись 1-Л
402;1999;ООО Акведук
403;1992-1999;ТОО Магазин № 63  
404;1996-1998;ООО Фирма Герман и Ко
405;1999;ООО фирма Ирмиал 
406;1977-2001;Ростовский городской союз животноводов-любителей (кролики)
407;1993-1997;ТОО Кюмак
408;1997-1999;ООО Ростнефть
409;1993-2000;ТОО Вегрипон
410;1992-2000;ТОО Ронго
411;1993-1999;ООО фирма Фортекс
412;1999;ООО Восход ТМ
413;1992-1999;ИЧП Мидми
414;1990-1999;ИЧП Персональная творческая архитектурная мастерская Обручникова 
415;1997-1999;Нежность
416;1984-1986;Межхозяйственное предприятие Ростовское по энергетике и теплофикации сельского хозяйства
;1986-1987;Производственное межхозяйственное предприятие Ростовагропромтеплоэнерго
;1987-1989;Производственное межхозяйственное объединение по энергетике и электрификации сельского хозяйства Ростовагропромэнерго
;1989-1991;Производственно-техническое кооперативное предприятие Ростовагропромэнерго»,
;1991-1996;АО Ростовагропромэнерго док-ты по март 1996
;1998-2000;ОАО Ростовагропромэнерго
417;1995-1996;ООО Казачий стан  
418;1992-2000;Строительно-монтажная фирма Марина
419;1996-2000;Завод ФармаДон ООО ФармаДон
420;1999-2000;ООО Форт
421;1991-1994;ЧПП Захарова
422;1995;ИМЧП Клеоники И.И.Саввиди 
423;1994-1997;ТОО Хрисон  
424;1993-2000;Фирма Дон Экспресс ЛТД 
425;1997-2000;Межрегиональное агентство вневедомственного финансового контроля и экспертизы
426;1992-2000;ТОО Дромедар
427;1992-2000;ООО Трейд
428;1996-2000;ООО АКСИ
429;1992-1995;Государственное инженерно-производственное многоотраслевое предприятие Комлекс 2
430;1996-2000;ЗАО Зерновая торговля
431;1998-2000;ООО КЛОУДС 
432;1991-1996;ИЧП ЧИП
433;1996-2000;Северо- Кавказский региональный филиал Федерального лицензионного центра при Минстрое России 
434;1995-2000;ООО Научно производственное ортопедическое предприятие ХОУП 
435;1997-2000;ООО Информационно-производственное предприятие Южтехмонтаж
436;1998-2000;ООО Альт
437;1992-1998;ТОО Плоника
438;1998-2000;ООО Донтехснаб
439;1996-2000;ООО Вторичные сплавы
440;1993-2000;СЧП Сероштановых ВАЛТА
441;1997-1999;Производственно коммерческая фирма Т и К   
441а;;ООО ВИЗИТ нет документов
442;;ООО Веста
443;1997-1999;ООО Ростсельмаштехцентр
444;1994-1997;ООО Сельхозпроммаш
445;1993-2000;ООО  Многопрофильное предприятие ВИАДУК
446;1996-2000;ЗАО Севкавинжстрой
447;--;ООО Синяя птица
448;;ООО Альфа 
449;1968-1971;Управление механизации строительства Ростовского областного ремонтно-строительного треста № 1 
;1971-1987;Управление механизации треста Ростовгражданстрой
;1987-1988;Управление механизации ПО Ростовоблгражданстрой
;1988-1990;Управление механизации и транспорта ПСО Ростовоблгражданстрой
;1991-1993;АП механизации и транспорта
;1993;АП Управление механизации и транспорта
;1993;Акционерное предприятиеУправление механизации и транспорта
;1993;АО Управление механизации и транспорта
;1993-2001;АОЗТ Управление механизации и транспорта
450;1979-1986;Автотранспортное предприятие треста Ростовгражданстрой
;1987-1988;Автотранспортное предприятие ПО Ростовоблгражданстрой
451;1999-2000;ООО Роспрофрезерв
452;1981-1982;Донское специализированное пуско-наладочное управление  Всесоюзного специализированного объединения по пусконаладочным работам Союзплодоовощналадка
;1982-1984;Донское специализированное пуско-наладочное управлениеСпециализированного объединения по пуско-наладочным работам Союзплодоовощналадка
;1984-1989;Донское специализированное управление по ремонту, пуско-наладочным и монтажным работам Специализированного объединения по ремонту, пуско-наладочным и монтажным работам Союзремплодовощналадка
;1989-1994;Донское специализированное предприятие Специализированного объединения  Союзпромналадка» 
;1994-1999;Донской филиал АО «Союзпромналадка»
453;1999-2000;Ростсервисмаш
454;1991-1995;ТОО Инфоком 
;1995-2000;ЗАО Юм Чермет  
455;1993-2000;Алекси  
456;1999-2000;ООО ЗАЛИВ
457;1999-2000;ООО Металл Холдинг
458;1994-2000;ЗАО Рекламное агенство Дилайт монатеф
459;1993-2000;ТОО Валма
460;1998-2000;ООО Донтрансснаб
461;1998-2000;ООО Ростовнеруд
462;1991-2000;ООО Наше дело
463;1996;ООО Строитель
464;1993-1998;ТОО фирма Светлана
465;1999-2000;Филиал фирмы Дженк иншаат санайи ве тиджарет лимитед ширкети (турецкая)
466;1991-2000;МП Геотекс, ТОО Геотекс, ООО Геотекс
467;1995-1997;ООО Донторгагро
468;1992-2000;ООО Реванш ИЧП Барс
469;1999-2000;ЗАО Северо-Кавказское инженерное строительство
470;1999-2000;ООО Дон Пэт
471;1994-1998;ТОО Мидитекс
472;1993-1996;ТОО НПФ  М-энергия
473;1997-1999;ОАО РИК
474;1998-2000;ОАО Юг Руси Агро
475;1943-1960;Ростовская-на-Дону государственная кондитерская фабрика им.15-летия Октября
;1960-1987;Ростовская государственная кондитерская фабрика
;1987-1992;Ростовская-на-Дону кондитерская фабрика им.15-летия Октября
;1992;АП Ростовская  кондитерская фабрика им.15-летия Октября
;1992-1996;АОЗТ Ростовская кондитерская фабрика РКФ
;1996-1999;ЗАО Ростовская кондитерская фабрика
476;1999-2000;ООО Ермак 
477;1995-2000;ООО Электронная медицина ( еще Ф 385)
478;1997-2000;ТПП Югагропром
479;2000-2001;ООО Конкорд
480;1995-2000;ООО Передвижная механизированная колонна 63
481;1999-2000;ООО Мало- Мартыновское ХПП
482;1997-2000;ЗАО Донской инвестиционный фонд
483;1998-2000;ЗАО Пилот-Компьютерные Системы
484;1992-2000;ЗАО Дон Эльба Судосервис
485;1992-1997;ЗАО Союз инженеров водного транспорта 
486;1994-2000;АОЗТ Цвем нет документов
487;2000;ООО Ростовские мясопродукты
488;1999-2000;ООО Алена
489;2000;ООО Ростовизвестняк 
490;1998-2001;ООО Россинтез
491;1998-2001;Филиал ООО  фирма Самсон
492;1998-2000;ООО МБС ( еще Ф.577)
493;1997-2001;АООТ Филиал Бамстройпуть
494;1994-1999;Электросвязь
495;1998-2000;МЭЗ Юг Руси
496;1998-2000;Сервис продукт
497;1999-2001;Информатика Компьютерные системы 
498;2001;Карат
499;1998-2001;Рослесторг
500;2000-2001;Региональный центр Право и недвижимость
501;1993-2001;Санди
502;1993-2000;Терминал
503;1995-1999;Славянка
504;2000-2001;Контраст 2000
505;2001;Деньги ХХ1
506;;Ключ нет документов
507;1990-2000;Агрос
508;;Лечебное питание фирма Сан нет документов
509;;Тонкость нет документов
510;1998-1999;Спектр
511;1999-2000;Стелс 
512;1997-2001;Егорлыкское ХПП
513;;Садко нет документов
514;1997-2001;Росавтоцентр
515;1997-2001;Гедон Ростов 
515а;1998-2001;Источник-2
516;1998-2001;Пирва
517;1993-2001;Комплекс г Батайск
518;1999-2001;Армада Трейд  
519;1997-2000;ООО Строймаркет
520;1993-2000;Торнадо  
521;1991-2000;Жар Птица
522;2000-2001;Ростизмет 
523;1984-2001;Глория Объединения комиссионных магазинов  магазин 22
524;1995-2000;Проспект 
525;1943-1948;Ремонтно-механические мастерские Ростмаслопрома
;1948-1958;Механические мастерские Главмясомолснаба
;1958-1964;Механические мастерские Управления молочной и маслосыродельной промышленности Ростовского Совнархоза
;1964-1973;Ростовский ремонтно-механический завод Ростовского областного управления по заготовкам молока и молочной промышленности
;1973-1988;Ростовский ремонтно-механический завод Ростовского областного объединения молочной промышленности
;1988-1993 -1995;Ремонтно-техническое предприятие «Донремтехпредтара»Производственного объединения ремонтно-технических предприятий «Ростовремтехпромтара», АОЗТ МИТ
526;2000-2001;Югщебень
527;200-2001;ООО Металлосбыт
528;1993-2001;ООО Тропики
529;1994-2001;Ростовская областная ассоциация Донптицевод
530;2000-2001;ООО Донские мясопродукты
531;2000-2001;Агентство Моделей Лоренцо Моделс
532;1997-2001;ООО Скай Лайн
533;2001;ООО Ростизвестняк ПК
534;1990-1996;Дозор (еще Ф.466)
535;;ПКФ Ростовстройполимер
536;1999-2002;Спецагроторгсервис
537;2001-2002;Межрегиональное агентство вневедомственного финансового контроля и экспертизы
538;1996/2001;Автомир
539;2001-                                                                                                                                                                                                  ;Юг Агро
540;1994-2002;Инкомбанк 
540а;;Дон Строй АС документов нет
541;1996-2000;Инкомбанк,филиал Новочеркасский, филиал Таганрогский
541а;2001-2002;РИФ-1
542;2000-2002;Роспотребсоюз
543;2000-2002;Альтаир
544;2001-2001;Сервиспродукт
545;1995-2001;Керамхим РАС
546;2000-2001;Навигатор
547;1999-2001;Дон МеталлСнаб 
548;2000;Ростовагропромдорстрой Инвест
549;2001;Промагрострой
550;2000-2002;Севкавинжстрой
551;1998-2001;Лале
552;1996-2002;Сервал
553;2000-2002;Веста Фудс
554;1985-1992;Центральный учебно метод. комбинат Минсельхозмаша 
555;1999-2002;Клэй Дон
556;1992-1999;Уют
557;1997-2000;Донремпуть
558;2001-2002;Про Инвест
559;1998-2002;Гранит
560;1999-2000;Лемар
561;1998-2002;Моррос Плюс
562;1997-2003;Ростовская госнефтеинспекция
563;1992-2002;Муниципальное плодоовощное оптово-розничное предприятие №2, Оазис Дона Каскад 2000/база на Врубовой/
564;1999-2003;Агро Трейдинг
565;1999-2003;Автоуслуги Автомир-ф 538,Росавтоцентр –ф 514
566;1997-2000;Торговый дом Ситэк
567;1995-2002-;Аптека 4
568;2002;Комтранс
569;2002;Донсервисстрой
570;2000-2002;Лаборатория ЭМ/электронной медицины/
571;2000-2002;Государственное унитарное предприятие Ростовской области Росталкогольконтроль
572;1998-2001;Мидитекс еще ф.471
573;2000-2003;Завод шипучих вин Карат
574;2001-2003;Донщебень
575;1967;Строительно-монтажное управление Управления «Облмежколхозстрой»
;1967-1968;Комплексная передвижная механизированная колонна № 2 Управления Облмежколстрой
;1969-1977;Трест Колхоздорстрой Ростоблколхозстроя
;1978-1980;Трест Дорспецстрой
;1981-1986;Ростовский областной трест Дорспецстрой Управления Росспецстрой Росколхозстройобъединения
;1987-1990;Ростовский областной трест Агродорспецстрой
;1990-1992;Кооперативно-государственное проектно-промышленное стро ительно-ремонтное объединение«Ростовагропромдорстрой» АО,АОЗТ,ЗАО/з-та по ф 575,576 в описи 3-Л/,УПТК- см.Ф.276
;1993-2002;
576;1989-1995;Проектная контора Агродорпроект
577;1998-2002;МБС
578;2001-2003;Ростовская литейная компания
579;2001-2003;Огни на Дону
580;1999-2003;Фирма БИТ
581;2002-2003;Донфинтекс
582;2002-2003;ООО Донтехторг»
582а;2000-2003;Энджел кепт документов нет
583;1985-1992;Автотранспортное предприятие «Донконсерв» МТП «Ростовагропромтранс-2» 
584;2001-2002;Гранит
585;2002-2003;Центральное агентство финансового контроля экспертизы 
586;2002-2003;Веста Фудс
587;1992-2000;ЗАО Пик
588;1991-1995;Хозрасчетное арендное оптово розничное предприятие1,Торговое плодоовощное оптово розничное предприятие 1База Доватора
589;1998-2004;Панавто Ростов, Фотон
590;1953-1987;Ростовский магазин 1 Кристалл
591;2002-2004;Унитранс
592;1960-1986;Автобаза № 2 АК Союзгазподводстрой
;1987-1988;Автоколонна Союзгазопроводстрой  
593;1956-1958;Участок № 5 Спецуправления подводно-технических работ № 6 Министерства строительства и предприятий нефт.промышл
;1959-1960;Спецучасток №5 СУПТР Главного управления газовой промышленности «Главгаз» при СМ СССР
;1961-1964;Экспедиционный отряд подводно-технических работ №5 Управления подводно-технических работ Главгаза
;1965-1969;Экспедиционный отряд подводно-технических работ №5Главгаза Министерства газовой промышленности СССР
;1970-1975;Специализированное управление подводно-технических работ №5 
;1976-1989;Специализированное управление подводно-технических работ №5 треста «Союзподводгазстрой»
;1989-1990;Специализированное строительное управление №15 ССО «Подводтрубопроводстрой»
;1990-1994;АО Специализированное управление подводно-технических работ №5 
;1994-2008;Филиал №5 АО Подводтрубопроводстрой ,ОАО
594;2000/2002;Ростовспецстрой КСМ КДСМ СУ 4  
595;2003-2004;Донресурс
596;1970-1990;Ростовский-на-Дону гипсовый завод треста «Стройконструк ция» Главсевкавстроя , Ростовский-на-Дону гипсовый завод ТСО «Ростовстрой»
;1990-1991;Кооператив «Стройдеталь»
;1992-2001;АОЗТ «Дон-Гипс», ЗАО«Дон-Гипс»
597;2001-2004;Ростресурс
598;2001-2004;Акронрост
599;2002-2004;Югагроресурс 
600;1999-2004;Фортекс Плюс Фортекс   
601;1949-1960;Участок №9 /посХоста/СМУ/ Ульяновск,Кострома,Узокс,Кунниково,СУ № 2/
;1961-1991;Специализированное управление № 476 треста «Трансгидро механизация», ПСМО,АППО
;1992-1999;АО«Донтрансгидромеханизация» ,ЗАО 
602;1994-2001;Управление государственной хлебной инспекции при Прави тельстве РФ по Ростовской области, 
;2002-2006;Территориальное подразделение государственной хлебной ин спекции при Правительстве РФ Управление Росгосинспекции по Ростовской области
603;1977-1992;Контора кролиководства
604;1999-2003;Энергосервис 
605;2002-2004;Атлантис 2  
606;1990-1992;Государственно-кооперативное объединение по материально-техническому снабжению «Донагропромснаб»
;1992-2004;АО Донсельпромснаб  
607;1994,1997 2002-2005;Северо-Кавказское аудиторское агентство   
608;2004-2005;Донской инвестиционный фонд  
609;2004-2005;Известняк
610;2002-2005;Донской инвестиционный фонд
611;2003-2004;Дон Неруд
612;1938-2005;Ростовский филиал ФГУ Росгоскарантин
613614;1998-2005;  ПКФ АЗТ Сервис  
615;2001-2005;Донской аграрный центр по предупреждению и ликвидации чрезвычайных ситуаций
616;1998-2005;Вимм Билль Данн 
617;1961-2003;Городской Хозмебельторг, Хозмебельторг  Элита
618;1943-1954;Ростовская областная база Заготсено
619;1943-1974;Ростовская семенная база «Заготзерно» и ее заготовительные пункты: Аксайский и Батайский, детсад № 19  
620;1943-1964;Фабрика мягкой тары Заготзерно,Тарная база,Тароремонтная мастерская Югзаготзерно, Тароремонтная мастерская Управления хлебопродуктов 
621;1943-1975;Ростовская реализационно- перевалочная база Югзаготзерно,Заготзерно, обл.упр хлебопродуктов 
;1975-1992;Ростовский –на-Дону-элеватор 
;1992-2004;Ростовский-на-Дону комбинат хлебопродуктов
622;1944-1957;Мельзавод «Красный серп»
;1958-1976;Ростовский мельзавод № 1 Росглавхлеб
623;1998-2005;Ростовское государственное областное унитарное предприятие по развитию семеноводства и формированию фонда семян
624;1992-2000;Торгово-муниципальный магазин № 3 
625;1956-1989;Детские ясли 41 Ленинского района 
626;1963-1977;Холодильник № 2
627;1943-2006;Холодильник № 1, Хладокомбинат № 1 ЗАО «Моррос»
628629;2005-2006;Дорстрой
630;1991-2001;" ТОО «СерНик»;"
631;2001-2006;ЗАО Ростовстекло
632;2004-2007;Агентство лесного хозяйства по Ростовской области
633;1994-2006;ИЧП, ООО «Декор»
634;1965-2001;Контора материально-технического снабжения «Донвиноградпром» ОАО «Виноград-Дон»  
635;1997-2004;Негосударственное образовательное учреждение «Школа безопасности «Перспектива Н»
636;1967-2007;ОАО Ростовводмелиорация
637;1976-1993;Головной информационно-вычислительный центр (ГИВЦ) Донводстроя 
638;1967-1976;Константиновская передвижная механизированная колонна треста Мелиоводстрой
639;1998-2008;Некоммерческая организация «Фонд развития детских программ»
640;1991-2007;Ипотечный банк развития регионов ИБРР
641;1998-2001;Ставропольское представительство филиал ООО коммерческий банк КОМТЕХ- банк
642;1998-2007;Небанковская кредитная организация «Расчетная палата Ростовской валютно -фондовой биржи» ЗАО 
643;1979-2008;ЗАО Автотранспортное предприятие «Южтехмонтаж»
644;1998-2003;Комбинат прикладного искусства
645;1999-2003;ООО Трейд  еще фонд 427
646;2003-2009;Негосударственное общеобразовательное учреждение дополнительного профессионального образования Экопромэнерго
647;1995-2008;ЗАО «Топливо Заправочная компания» 
648;1956-2009;Закрытое акционерное общество Ростовский завод монтажных заготовок «Южтехмонтаж» 
649;2003-2008;ООО «Контакт-Л»
650;2004-2009;Филиал ООО «Частные пивоварни «Тинькофф» 
651;2008-2009;ООО «Айсберг»
652;2002-2008;ООО Торговая компания «Регата-Плюс»
653;2003-2008;ООО «Промоборудование»
654;2006-2008;ООО «Агроторг-Ростов»
655;2007-2008;Ростовский филиал Коммерческого банка «Московский Капитал»
656;1996-2007;ЗАО ВМТ-Р»
657;2008;ООО «Фрахт»
658;2004-2005;ООО «Промэнергосвязь»
659;1992-1996;ТОО Фирма «Ритм»
660;2005-2009;ООО «Принт-Графика»
661;1989-1991;Кооператив Труженик» МП Труженик/вед по зарплате 1дело/
662;2002-2008;ЗАО «Южная строительная компания»г.Волгоград
663;2000-2008;ЗАО «Волгоградский металл»
664;2008-2009;Филиал ООО «Феско Лоджистик»
665;1996-2009;ООО «Агентство Транс-Авиа»
666;2008-2009;ООО «Альфа-Медика-ЮГ»
667;2001-2009;ООО «Регата-А»
668;2008-2009;ООО «Ростовская сеть ПБО»
669;2005-2009;ООО «Велес»
670;1999-2008;ЗАО «Южтрубопроводстрой»
671;1991-1994;ИЧП Толмачев Фирма Актион
672;1991-1998;ООО ПКФ Пингвин
673;1996-2006;ООО Донская фруктовая компания
674;1993-1995;ТОО ПКФ «Сервисагрострой
675;1996-2009;ОАО «Аксай-1»
676;2007-2010;ООО «Исток-Юг»
677;2006-2009;ООО «Три Фарма»
678;2007-2009;ООО «Три Фарма-С»
679;2005-2009;ООО «Аптеки 36,6 «Юг»
680;2009;ООО «Аптеки 36,6 «Ростов»
681;2004-2009;ООО «Кайрос-Р»
682;2008-2009;Ростовская областная школа юных спасателей 
683;2005-2009;ООО С.В.Т.С.Брокер-Юг
684;1975-1976;Ростовское учебно-производственное ВОГ
;1983;
685;2008-2009;ООО «Ростовнефтегазстрой»
686;2000-2008;ЗАО «Южный металл»
687;1979-2005;ОАО «Конструкция»  
688;2006-2007;ООО Стальсеть-Юг»
689;2001-2010;Ростовский филиал «Югшинсервис»
690;2004-2009;ООО «Тепловик»
691;2008-2010;ООО АвтоЛайн»
692;2007-2010;Дон-Техника »
693;2001-2011;ООО «Олимп-2»
694;1999-2008;ИП Мишин А.А.
695;2007-2010;Ростовский филиал Небанковской кредитной организации закрытого акционерного общества «Расчетная палата Московской межбанковской валютной биржи» / Ростовский филиал ЗАО РП ММВБ
;2010-2011;Ростовский филиал Небанковской кредитной организации закрытого акционерного общества «Национальный расчетный депозитарий « Ростовский филиал НКО ЗАО НРД
696;1953-1961;Хопёрский эксплутационный участок
697;1953-1954;Красноармейское районное управление Волго-Донского речного пароходства
698;1955-1956;Волго-Донское речное пароходство
699;1955-1958;Калачевская ремонтно-эксплуатационная база
700;1953-1956;Эксплуатационный участок Волга-Ахтуба
701;1957-1962;Областное управление по транспортному освоению и эксплуатации малых рек
702;1953-2011;Калачевский судостроительно-судоремонтный завод
703;1953-1958;Калачевские судостроительные-судоремонтные мастерские
704;2010-2011;ОАО Водный Холдинг «Дон ВК Юг»
705;2006-2011;ООО «Лаверна-Ростов»
706;2008-2011;ООО «Ол-Строй», «Фактор»
707;2002-2011;Филиал ЗАО «Банк ЖилФинанс» в Ростове-на-Дону
708;2001-2009;ООО «Юрта»
709;2002-2011;ООО Программа, Сервис, Монтаж»
710;1995-2011;ЗАО ПКФ Олет
711;2002-2010;Филиал АКБ «Еврофинанс МОСНАРБАНК», Ростов-Дон
712;2002-2008;ООО  Страховая компания «Айболит»
713;1995-2011;ООО Донагротрейд
714;1991-2012;ООО  Аптека 456
715;2009-2012;ООО  Управляющая компания «Ваш Дом
716;1997-2011;ОАО Ростовагроснабсервис
717;2003-2007;ООО Севкавэлеватормонтаж
718;2002-2008;ООО «Управляющая компания «Айболит»
719;1996-2012;Государственное учреждение Ростовской области «Областной центр анализа ценообразования в строительстве»
720;1992-2012;Ростовск5ий филиал федерального государственного бюджетного образовательного учреждения высшего профессионального образования «Санкт-Петербургский государственный университет культуры и искусств»
721;2010-2013;Общество с ограниченной ответственностью «Агрокомпания группы Дон»
722;2006-2012;Закрытое акционерное общество «Терминал»
723;2012-;Закрытое акционерное общество «Глобус»
724;1992-2013;Закрытое акционерное общество «Региональный биржевой центр ММВБ-Юг»
725;2003-2013;Негосударственное образовательное учреждение дополнительного профессионального образования «Информационно-образовательный центр по метрологии и техническому регулированию»
726;2002-2012;Общество с ограниченной ответственностью «Компьютериум»
727;2003-2013;Общество с ограниченной ответственностью «« Солвин-сервис»»
728;2004-2012;Общество с ограниченной ответственностью «Торговый Дом «Соларис»
729;1998-2013;Торгово-промышленная Ассоциация «Регата»
730;1997-2013;ООО «Никита» г. Ростов-на-Дону Бульвар Комарова 
731;2003-2013;ООО «Азовская зерновая компания»
732;2007-2013;ООО «ПИНО» г. Ростов-на-Дону
733;1999-2013;ООО «Южно-Донское зерно»
734;1971-2013;Оп.1л. ОАО Трест «Севкавтрансстрой» 
;1975-2003;Оп. 2л. ОСП «Автобаза» ОАО «Севкавтрансстрой» 
;1974-2005;Оп. 3л. ОСП «Управление механизации и транспорта» (УМиТ) ОАО «Севкавтрансстрой» Оп. 4л. ОСП «Батайский завод ЖБК» ОАО «Севкавтрансстрой» 
;1975-2003;Оп. 5л. ОАО «Севкавтрансстрой» Обособленное структурное подразделение ССМП № 2 за гг.
;1973-2003;
735;1951-2013;Акционерное общество открытого типа «Донвино»
736;1990-2010;ООО «Строительная компания «Лазурь»
737;2012-2013;ООО «Дельфин ЮГ»
738;2006-2012;ООО «Газэнергосеть Ростов-на-Дону»
739;1970-2009;ЗАО «Концерн Покровский» и его предшественники (Механический завод № 5)
740;2001-2009;ООО «Ростовский завод плавленых сыров»ООО «Молпродукт»
741;2010-2013;Оп. 1л. ООО «Конструкция»
;2010-2013;Оп. 2л. ООО «Транском»
;2007-2009;Оп. 3л. ЗАО «Конструкция»Реестр невостребованных трудовых книжек
742;1992-2013;ООО «Аргумент»
743;2007-2013;Общество с ограниченной ответственностью «Ремонтно-эксплуатационное предприятие № 1 ООО»РЭП № 1»
744;;ЗАО «Сигма-Ресурс»
;2003-2011;Оп. 1л.  ЗАО РСУ «Южная строительная компания»(ЗАО РСУ «ЮСК»Реестр невостребованных трудовых книжек и справок ЗАО РСУ «ЮСК»
;;Оп. 2л. ЗАО «Южная строительная компания» ЗАО «ЮСК»Оп. 3л. ЗАО «Южная металлургическая компания – Самара» (ЮМК –Самара»)
;2003-2011;Оп. 4л. ЗАО « Южная строительная компания – Самара»  (ЗАО «ЮСК – Самара»)
;2006-2012;5л. ЗАО «Южная строительная компания» г. Самара (ЗАО «ЮСК») Оп. 6л. ЗАО ПКФ «Стройэнергопром»
;2006-2009;Оп. 7л.ЗАО « Ростовский Металл»Оп. 8л.ЗАО «Южная металургическая компания» 
;2004-2006;Оп. 9л. ОАО «ЮСК-Подрядчик»Оп.10л. ЗАО «Южная металл» Краснодарский филиал
;2001-2012;
;2000-2013;
;2000-2014;
;2010-2013;
745;1955-1998;Открытое акционерное общество автотранспортное предприятие «Супер» ОАО АТП «Супер»
;2009-2013.;
746;1992-2014;ООО «РУС»
747;2006-2013;ООО «ТМС-Юг»
748;2011-2013;ООО «ТехноМет»
749;1996-2013;ООО «Пронто-Ростов»
750;2008-2013;ООО «Промстрой Плюс»
751;2006-2013;ООО «СМ-Поволжье»
